time,enc_pos_l,enc_pos_r,enc_vel_l,enc_vel_r,voltage,VPR,VRL
78.429944,-1,1,0,0,12.05,0.0,0.0
78.53070199999999,-1,1,0,0,12.0,0.0,0.0
78.598394,0,0,0,0,12.0,0.0,0.0
78.68075,12,-9,12,-9,11.4,-0.2991202346041056,0.2991202346041056
78.762939,35,-36,26,-36,11.4,-0.2991202346041056,0.2991202346041056
78.84337699999999,71,-77,42,-49,11.350000000000001,-0.2991202346041056,0.2991202346041056
78.924694,124,-132,64,-66,11.350000000000001,-0.2991202346041056,0.2991202346041056
79.009142,191,-216,81,-84,11.4,-0.2991202346041056,0.2991202346041056
79.08808499999999,265,-274,92,-94,11.4,-0.2991202346041056,0.2991202346041056
79.17819499999999,370,-383,105,-109,11.55,-0.2991202346041056,0.2991202346041056
79.255265,437,-475,110,-114,11.55,-0.2991202346041056,0.2991202346041056
79.335048,532,-573,120,-121,11.5,-0.2991202346041056,0.2991202346041056
79.419743,661,-678,129,-130,11.5,-0.2991202346041056,0.2991202346041056
79.498765,766,-786,132,-134,11.55,-0.2991202346041056,0.2991202346041056
79.58092199999999,877,-898,138,-139,11.55,-0.2991202346041056,0.2991202346041056
79.67003,990,-1012,140,-142,11.55,-0.2991202346041056,0.2991202346041056
79.746563,1106,-1128,144,-144,11.55,-0.2991202346041056,0.2991202346041056
79.83277399999999,1222,-1244,145,-146,11.600000000000001,-0.2991202346041056,0.2991202346041056
79.913337,1342,-1397,150,-153,11.600000000000001,-0.2991202346041056,0.2991202346041056
79.989429,1462,-1487,150,-151,11.600000000000001,-0.2991202346041056,0.2991202346041056
80.06536299999999,1582,-1605,150,-148,11.600000000000001,-0.2991202346041056,0.2991202346041056
80.14868799999999,1704,-1726,152,-150,11.600000000000001,-0.2991202346041056,0.2991202346041056
80.245238,1859,-1881,155,-155,11.600000000000001,-0.2991202346041056,0.2991202346041056
80.329462,1980,-2005,152,-155,11.600000000000001,-0.2991202346041056,0.2991202346041056
80.402645,2103,-2130,153,-156,11.600000000000001,-0.2991202346041056,0.2991202346041056
80.48606199999999,2225,-2254,153,-155,11.600000000000001,-0.2991202346041056,0.2991202346041056
80.572181,2346,-2378,151,-155,11.600000000000001,-0.2991202346041056,0.2991202346041056
80.659768,2500,-2534,154,-156,11.600000000000001,-0.2991202346041056,0.2991202346041056
80.747351,2621,-2657,152,-154,11.600000000000001,-0.2991202346041056,0.2991202346041056
80.82329,2745,-2782,154,-156,11.600000000000001,-0.2991202346041056,0.2991202346041056
80.903089,2869,-2905,155,-155,11.600000000000001,-0.2991202346041056,0.2991202346041056
80.99433,2993,-3060,155,-155,11.600000000000001,-0.2991202346041056,0.2991202346041056
81.075454,3115,-3182,153,-154,11.600000000000001,-0.2991202346041056,0.2991202346041056
81.161709,3268,-3306,153,-154,11.600000000000001,-0.2991202346041056,0.2991202346041056
81.24543299999999,3390,-3431,152,-156,11.600000000000001,-0.2991202346041056,0.2991202346041056
81.32004299999998,3512,-3556,152,-156,11.600000000000001,-0.2991202346041056,0.2991202346041056
81.400349,3634,-3679,152,-154,11.600000000000001,-0.2991202346041056,0.2991202346041056
81.49006299999999,3754,-3802,150,-154,11.600000000000001,-0.2991202346041056,0.2991202346041056
81.57990299999999,3903,-3956,149,-154,11.600000000000001,-0.2991202346041056,0.2991202346041056
81.66414,4028,-4082,155,-157,11.600000000000001,-0.2991202346041056,0.2991202346041056
81.74871300000001,4151,-4205,155,-155,11.600000000000001,-0.2991202346041056,0.2991202346041056
81.83270900000001,4272,-4358,152,-153,11.600000000000001,-0.2991202346041056,0.2991202346041056
81.916947,4431,-4486,159,-159,11.600000000000001,-0.2991202346041056,0.2991202346041056
81.998987,4555,-4613,156,-159,11.600000000000001,-0.2991202346041056,0.2991202346041056
82.08408499999999,4678,-4740,154,-158,11.600000000000001,-0.2991202346041056,0.2991202346041056
82.161408,4803,-4869,156,-161,11.600000000000001,-0.2991202346041056,0.2991202346041056
82.24385799999999,4929,-4998,157,-161,11.600000000000001,-0.2991202346041056,0.2991202346041056
82.33195599999999,5056,-5128,159,-162,11.600000000000001,-0.2991202346041056,0.2991202346041056
82.42045399999999,5212,-5287,156,-159,11.600000000000001,-0.2991202346041056,0.2991202346041056
82.509942,5338,-5415,157,-161,11.600000000000001,-0.2991202346041056,0.2991202346041056
82.600979,5496,-5578,158,-163,11.600000000000001,-0.2991202346041056,0.2991202346041056
82.685602,5623,-5706,158,-160,11.600000000000001,-0.2991202346041056,0.2991202346041056
82.76895199999998,5749,-5836,158,-162,11.600000000000001,-0.2991202346041056,0.2991202346041056
82.854248,5877,-5998,159,-162,11.600000000000001,-0.2991202346041056,0.2991202346041056
82.933516,6005,-6128,161,-162,11.600000000000001,-0.2991202346041056,0.2991202346041056
83.016116,6165,-6258,160,-162,11.600000000000001,-0.2991202346041056,0.2991202346041056
83.101896,6288,-6383,154,-158,11.600000000000001,-0.2991202346041056,0.2991202346041056
83.18922099999999,6414,-6511,157,-159,11.600000000000001,-0.2991202346041056,0.2991202346041056
83.264522,6540,-6639,158,-161,11.600000000000001,-0.2991202346041056,0.2991202346041056
83.345667,6666,-6766,157,-159,11.600000000000001,-0.2991202346041056,0.2991202346041056
83.427067,6792,-6896,158,-162,11.600000000000001,-0.2991202346041056,0.2991202346041056
83.515267,6918,-7056,158,-160,11.600000000000001,-0.2991202346041056,0.2991202346041056
83.600045,7078,-7185,160,-161,11.600000000000001,-0.2991202346041056,0.2991202346041056
83.69649,7233,-7344,155,-159,11.600000000000001,-0.2991202346041056,0.2991202346041056
83.79051299999999,7356,-7473,154,-161,11.600000000000001,-0.2991202346041056,0.2991202346041056
83.877887,7509,-7632,153,-159,11.600000000000001,-0.2991202346041056,0.2991202346041056
83.96419099999999,7633,-7758,154,-158,11.600000000000001,-0.2991202346041056,0.2991202346041056
84.053428,7755,-7918,153,-160,11.600000000000001,-0.2991202346041056,0.2991202346041056
84.142591,7908,-8045,153,-158,11.600000000000001,-0.2991202346041056,0.2991202346041056
84.24086,8059,-8202,151,-157,11.600000000000001,-0.2991202346041056,0.2991202346041056
84.33375899999999,8180,-8357,151,-155,11.600000000000001,-0.2991202346041056,0.2991202346041056
84.41944099999999,8331,-8480,151,-154,11.600000000000001,-0.2991202346041056,0.2991202346041056
84.50291899999999,8453,-8606,153,-157,11.600000000000001,-0.2991202346041056,0.2991202346041056
84.59278199999999,8574,-8729,152,-153,11.600000000000001,-0.2991202346041056,0.2991202346041056
84.676883,8728,-8881,154,-152,11.55,-0.2991202346041056,0.2991202346041056
84.75907099999999,8853,-9003,157,-153,11.600000000000001,-0.2991202346041056,0.2991202346041056
84.842241,8977,-9124,155,-152,11.600000000000001,-0.2991202346041056,0.2991202346041056
84.92038,9102,-9249,156,-156,11.600000000000001,-0.2991202346041056,0.2991202346041056
85.00197899999999,9223,-9375,152,-158,11.600000000000001,-0.2991202346041056,0.2991202346041056
85.082681,9343,-9500,150,-156,11.55,-0.2991202346041056,0.2991202346041056
85.16933,9463,-9626,150,-157,11.55,-0.2991202346041056,0.2991202346041056
85.259119,9616,-9783,153,-157,11.600000000000001,-0.2991202346041056,0.2991202346041056
85.344324,9736,-9909,151,-158,11.600000000000001,-0.2991202346041056,0.2991202346041056
85.43634999999999,9885,-10065,149,-156,11.55,-0.2991202346041056,0.2991202346041056
85.523909,10005,-10187,150,-153,11.55,-0.2991202346041056,0.2991202346041056
85.60735700000001,10126,-10311,151,-155,11.55,-0.2991202346041056,0.2991202346041056
85.68821399999999,10244,-10434,149,-154,11.55,-0.2991202346041056,0.2991202346041056
85.76842599999999,10363,-10558,149,-155,11.55,-0.2991202346041056,0.2991202346041056
85.850889,10482,-10681,149,-155,11.55,-0.2991202346041056,0.2991202346041056
85.93595199999999,10634,-10836,152,-155,11.55,-0.2991202346041056,0.2991202346041056
86.02462799999999,10754,-10959,150,-154,11.55,-0.2991202346041056,0.2991202346041056
86.101719,10877,-11085,153,-157,11.600000000000001,-0.2991202346041056,0.2991202346041056
86.177481,11002,-11211,155,-158,11.600000000000001,-0.2991202346041056,0.2991202346041056
98.934068,11464,0,0,0,12.05,0.0,0.0
99.01367900000001,0,0,0,0,12.0,0.0,0.0
99.09458199999999,0,0,0,0,12.0,0.0,0.0
99.163034,0,0,0,0,11.95,0.0,0.0
99.243653,0,0,0,0,11.95,0.0,0.0
99.319583,0,0,0,0,11.95,0.0,0.0
99.396577,0,0,0,0,11.95,0.0,0.0
99.474098,0,0,0,0,11.95,0.0,0.0
99.545857,0,0,0,0,12.0,0.0,0.0
99.62545599999999,0,0,0,0,12.0,0.0,0.0
99.706826,0,0,0,0,11.95,0.0,0.0
99.78655499999999,0,0,0,0,11.95,0.0,0.0
99.865345,0,0,0,0,11.95,0.0,0.0
99.939391,0,0,0,0,11.95,0.0,0.0
100.018175,0,0,0,0,11.95,0.0,0.0
100.090969,0,0,0,0,11.95,0.0,0.0
100.176079,-16,19,-16,19,11.850000000000001,0.3010752688172043,-0.3010752688172043
100.275498,-72,112,-60,93,11.850000000000001,1.0,-1.0
100.366375,-251,270,-179,190,6.800000000000001,1.0,-1.0
100.451747,-466,487,-256,260,8.100000000000001,1.0,-1.0
100.539352,-792,816,-328,332,8.100000000000001,1.0,-1.0
100.629745,-1102,1127,-379,385,8.9,1.0,-1.0
100.715863,-1431,1554,-415,427,8.9,1.0,-1.0
100.79589999999999,-1789,1924,-451,460,9.4,1.0,-1.0
100.884807,-2269,2310,-480,480,9.4,1.0,-1.0
100.958733,-2673,2717,-502,507,9.75,1.0,-1.0
101.054561,-3096,3248,-525,531,9.75,1.0,-1.0
101.13934599999999,-3633,3688,-531,543,10.0,1.0,-1.0
101.23669,-4080,4242,-566,558,10.0,1.0,-1.0
101.314442,-4536,4704,-570,576,10.2,1.0,-1.0
101.405874,-5114,5173,-578,580,10.3,1.0,-1.0
101.503738,-5691,5756,-577,588,10.3,1.0,-1.0
101.59764,-6284,6350,-593,594,10.350000000000001,1.0,-1.0
101.681499,-6732,6838,-568,609,10.350000000000001,1.0,-1.0
101.776329,-7342,7447,-610,609,10.5,1.0,-1.0
101.855823,-7619,7940,-478,616,10.5,1.0,-1.0
101.95573999999999,-8183,8550,-564,610,10.600000000000001,1.0,-1.0
102.038049,-8727,9047,-544,617,10.65,1.0,-1.0
102.131936,-9225,9550,-587,628,10.65,1.0,-1.0
102.23078100000001,-9724,10058,-499,470,11.65,0.0,0.0
102.335833,-10079,10400,-310,255,11.65,0.0,0.0
102.42286499999999,-10294,10591,-268,257,11.75,0.0,0.0
102.516981,-10463,10750,-169,159,11.8,0.0,0.0
102.609421,-10556,10838,-122,104,11.8,0.0,0.0
102.685671,-10609,10894,-73,75,11.850000000000001,0.0,0.0
102.77522099999999,-10647,10935,-38,41,11.850000000000001,0.0,0.0
102.864902,-10661,10950,-19,21,11.850000000000001,0.0,0.0
102.95271799999999,-10728,11012,-70,65,11.850000000000001,1.0,-1.0
103.04410899999999,-10813,11093,-85,81,10.100000000000001,0.0,0.0
103.138238,-10881,11160,-68,67,10.100000000000001,0.0,0.0
103.234163,-10912,11195,-44,35,11.75,0.0,0.0
103.30495199999999,-10927,11205,-20,19,11.75,0.0,0.0
103.395065,-10948,11236,-25,31,11.8,0.23655913978494625,-0.23655913978494625
103.48389999999999,-11009,11293,-61,63,6.35,0.9960899315738025,-1.0
103.58382499999999,-11108,11392,-100,99,6.35,0.0,0.0
103.667841,-11177,11455,-83,79,11.75,0.0,0.0
103.762916,-11238,11511,-61,56,11.75,0.0,0.0
103.855262,-11256,11529,-21,18,11.8,0.0,0.0
103.941041,-11268,11536,-12,9,11.8,0.0,0.0
104.027092,-11269,11537,-3,2,11.8,0.0,0.0
104.116316,-11264,11535,5,-2,11.850000000000001,0.0,0.0
104.202063,-11261,11532,4,-4,11.850000000000001,0.0,0.0
104.28361899999999,-11259,11530,3,-2,11.850000000000001,0.0,0.0
104.37262799999999,-11303,11602,-65,72,11.850000000000001,1.0,-1.0
104.46815299999999,-11447,11726,-144,148,6.85,1.0,-0.9960899315738025
104.570847,-11599,11873,-152,133,6.85,0.0,0.0
104.68364100000001,-11751,12013,-126,117,11.7,0.0,0.0
104.76557799999999,-11821,12080,-95,90,11.75,0.0,0.0
104.858997,-11864,12119,-43,39,11.75,0.0,0.0
104.942313,-11844,12100,12,-13,5.75,0.0,0.0
105.04394599999999,-11823,12079,21,-21,5.75,0.0,0.0
105.14103999999999,-11805,12059,18,-20,11.75,0.0,0.0
105.237124,-11795,12051,10,-8,11.75,0.0,0.0
105.33377899999999,-11796,12055,-2,4,11.75,0.0,0.0
105.420688,-11766,12025,30,-29,10.2,-0.45356793743890517,0.5063538611925709
105.511394,-11724,11985,42,-40,10.2,0.0,0.0
105.606504,-11702,11966,30,-26,11.75,0.0,0.0
105.690489,-11679,11941,30,-28,11.75,0.0,0.0
105.781128,-11618,11887,61,-54,11.55,-0.509286412512219,0.6177908113391984
105.88421699999999,-11497,11780,121,-108,9.2,-0.5405669599217986,0.6500488758553274
105.98353599999999,-11380,11672,117,-108,9.2,0.0,0.0
106.065819,-11300,11596,100,-94,11.75,0.0,0.0
106.14988399999999,-11235,11532,85,-83,11.75,0.0,0.0
106.23636599999999,-11197,11496,38,-36,11.8,0.0,0.0
106.320091,-11137,11530,65,30,11.8,1.0,0.7223851417399805
106.41784,-11088,11585,49,55,8.75,0.0,0.0
106.508731,-11078,11614,12,34,8.75,0.0,0.0
106.594166,-11078,11622,1,8,11.75,0.0,0.0
106.667069,-11079,11622,-1,0,11.75,0.0,0.0
106.75386499999999,-11082,11622,-3,0,11.75,0.0,0.0
106.83638099999999,-11120,11565,-38,-57,11.75,-1.0,-1.0
106.932009,-11195,11504,-75,-66,5.95,0.0,0.0
107.0203,-11228,11469,-33,-35,11.55,0.0,0.0
107.113632,-11234,11467,-10,-2,11.55,0.0,0.0
107.21039999999999,-11234,11469,0,3,11.5,0.0,0.0
107.290793,-11234,11470,0,2,11.5,0.0,0.0
107.377237,-11234,11469,0,-1,11.8,0.0,0.0
107.46461099999999,-11234,11469,0,0,11.8,0.0,0.0
107.543254,-11234,11469,0,0,11.850000000000001,0.0,0.0
107.619929,-11234,11469,0,0,11.850000000000001,0.0,0.0
107.695538,-11234,11469,0,0,11.850000000000001,0.0,0.0
107.777485,-11234,11469,0,0,11.850000000000001,0.0,0.0
107.861359,-11234,11469,0,0,11.850000000000001,0.0,0.0
107.94517599999999,-11235,11469,-1,0,11.850000000000001,0.0,0.0
108.018122,-11235,11469,0,0,11.9,0.0,0.0
108.09634299999999,-11235,11469,0,0,11.9,0.0,0.0
108.18672899999999,-11235,11469,0,0,11.9,0.0,0.0
108.26248,-11235,11469,0,0,11.9,0.0,0.0
108.35136999999999,-11226,11487,9,18,11.05,0.27663734115347016,0.27663734115347016
108.449838,-11159,11542,67,60,6.300000000000001,0.0,0.0
108.54184,-11122,11583,37,41,6.300000000000001,0.0,0.0
108.645866,-11117,11601,5,18,11.15,0.0,0.0
108.733143,-11116,11596,2,-5,11.15,0.0,0.0
108.82520699999999,-11160,11539,-44,-59,9.7,-0.9130009775171065,-0.7644183773216031
108.92526699999999,-11217,11472,-57,-67,11.55,0.0,0.0
109.024235,-11247,11445,-30,-27,11.55,0.0,0.0
109.11656500000001,-11245,11444,2,-1,11.75,0.0,0.0
109.196878,-11246,11446,1,2,11.75,0.0,0.0
109.282867,-11194,11500,52,55,7.6,0.9403714565004888,1.0
109.37953,-11113,11576,81,76,7.6,0.0,0.0
109.474591,-11070,11620,50,44,11.7,0.0,0.0
109.56406,-11049,11626,21,11,11.75,0.0,0.0
109.64540799999999,-11047,11625,4,-1,11.75,0.0,0.0
109.73430099999999,-11047,11620,0,-5,11.75,0.0,0.0
109.82797099999999,-11076,11658,-29,37,11.75,0.5826001955034213,-0.5826001955034213
109.932003,-11131,11730,-55,54,11.05,0.0,0.0
110.027957,-11182,11768,-51,42,11.05,0.0,0.0
110.10438799999999,-11210,11791,-39,25,11.75,0.0,0.0
110.193355,-11220,11799,-15,8,11.75,0.0,0.0
110.27726799999999,-11221,11799,-1,0,11.8,0.0,0.0
110.364279,-11220,11799,1,0,11.350000000000001,0.0,0.0
110.46085799999999,-11216,11794,4,-5,11.350000000000001,0.0,0.0
110.543052,-11221,11798,-6,4,11.850000000000001,0.0,0.0
110.628735,-11204,11784,17,-14,11.850000000000001,0.0,0.0
110.71783099999999,-11246,11745,-42,-39,10.25,-0.5219941348973607,-0.5219941348973607
110.815954,-11279,11702,-33,-43,10.25,0.0,0.0
110.900926,-11289,11688,-15,-20,11.75,0.0,0.0
110.986395,-11299,11685,-11,-6,11.75,0.0,0.0
111.06706199999999,-11299,11686,-2,1,10.55,0.0,0.0
111.162763,-11299,11686,0,0,10.25,0.0,0.0
111.25304399999999,-11299,11686,0,0,10.25,0.0,0.0
111.34091599999999,-11317,11707,-18,21,9.95,0.3010752688172043,-0.3010752688172043
111.459838,-11343,11732,-18,17,9.95,0.0,0.0
111.568604,-11356,11743,-13,11,11.3,0.0,0.0
111.66033999999999,-11372,11755,-16,12,11.75,0.0,0.0
111.75033499999999,-11374,11756,-4,0,11.75,0.0,0.0
111.849477,-11364,11746,10,-10,11.75,0.0,0.0
111.94003199999999,-11357,11739,7,-7,11.75,0.0,0.0
112.03698,-11356,11738,1,-1,11.8,0.0,0.0
112.12056199999999,-11357,11739,-1,1,11.8,0.0,0.0
112.20163799999999,-11358,11740,-2,1,11.8,0.0,0.0
112.280519,-11359,11741,-1,1,11.8,0.0,0.0
112.367105,-11360,11741,-1,0,11.8,0.0,0.0
112.46455999999999,-11359,11741,1,0,11.8,0.0,0.0
112.559517,-11358,11740,1,-1,11.8,0.0,0.0
112.656129,-11358,11740,0,0,11.850000000000001,0.0,0.0
112.745137,-11359,11741,-1,1,11.850000000000001,0.0,0.0
112.839023,-11359,11741,0,0,11.850000000000001,0.0,0.0
112.922106,-11359,11740,0,-1,11.850000000000001,0.0,0.0
113.000887,-11359,11740,0,0,11.850000000000001,0.0,0.0
113.07924700000001,-11359,11740,0,0,11.850000000000001,0.0,0.0
113.153326,-11359,11740,0,0,11.850000000000001,0.0,0.0
113.23208899999999,-11359,11740,0,0,11.850000000000001,0.0,0.0
113.31025100000001,-11359,11740,0,0,11.850000000000001,0.0,0.0
113.376666,-11359,11740,0,0,11.850000000000001,0.0,0.0
113.457044,-11359,11740,0,0,11.850000000000001,0.0,0.0
113.532191,-11359,11740,0,0,11.850000000000001,0.0,0.0
113.614972,-11359,11740,0,0,11.850000000000001,0.0,0.0
113.69706,-11359,11740,0,0,11.850000000000001,0.0,0.0
113.77791599999999,-11359,11740,0,0,11.850000000000001,0.0,0.0
113.85595699999999,-11359,11740,0,0,11.850000000000001,0.0,0.0
113.941611,-11359,11740,0,0,11.850000000000001,0.0,0.0
114.02857399999999,-11359,11740,0,0,11.850000000000001,0.0,0.0
114.10727399999999,-11359,11740,0,0,11.850000000000001,0.0,0.0
114.173158,-11359,11740,0,0,11.850000000000001,0.0,0.0
114.244595,-11359,11740,0,0,11.850000000000001,0.0,0.0
114.319509,-11359,11740,0,0,11.850000000000001,0.0,0.0
114.39735499999999,-11359,11740,0,0,11.850000000000001,0.0,0.0
114.47789599999999,-11359,11740,0,0,11.850000000000001,0.0,0.0
114.557507,-11359,11740,0,0,11.850000000000001,0.0,0.0
114.632021,-11359,11740,0,0,11.850000000000001,0.0,0.0
114.708167,-11359,11740,0,0,11.850000000000001,0.0,0.0
114.780928,-11359,11740,0,0,11.850000000000001,0.0,0.0
114.862087,-11359,11740,0,0,11.850000000000001,0.0,0.0
114.937491,-11359,11740,0,0,11.850000000000001,0.0,0.0
115.01906,-11359,11740,0,0,11.850000000000001,0.0,0.0
115.092918,-11359,11740,0,0,11.850000000000001,0.0,0.0
115.16710099999999,-11359,11740,0,0,11.850000000000001,0.0,0.0
115.253328,-11359,11740,0,0,11.850000000000001,0.0,0.0
115.32806199999999,-11359,11740,0,0,11.850000000000001,0.0,0.0
115.40763199999999,-11359,11740,0,0,11.850000000000001,0.0,0.0
115.49221899999999,-11359,11740,0,0,11.850000000000001,0.0,0.0
115.574078,-11359,11740,0,0,11.850000000000001,0.0,0.0
115.65479299999998,-11359,11740,0,0,11.850000000000001,0.0,0.0
115.728553,-11359,11740,0,0,11.850000000000001,0.0,0.0
115.801765,-11359,11740,0,0,11.850000000000001,0.0,0.0
115.880988,-11359,11740,0,0,11.850000000000001,0.0,0.0
115.960193,-11359,11740,0,0,11.850000000000001,0.0,0.0
116.040487,-11359,11740,0,0,11.850000000000001,0.0,0.0
116.120398,-11359,11740,0,0,11.850000000000001,0.0,0.0
116.197718,-11359,11740,0,0,11.850000000000001,0.0,0.0
116.28002599999999,-11359,11740,0,0,11.600000000000001,0.0,0.0
116.36043799999999,-11359,11740,0,0,11.600000000000001,0.0,0.0
116.445854,-11359,11740,0,0,11.75,0.0,0.0
116.529121,-11359,11740,0,0,11.75,0.0,0.0
116.616385,-11357,11739,2,-1,9.8,0.0,0.0
116.730598,-11361,11741,-7,5,9.8,0.0,0.0
116.83092599999999,-11369,11748,-8,1,11.850000000000001,0.0,0.0
116.921601,-11356,11738,13,-10,11.850000000000001,0.0,0.0
117.013094,-11368,11743,-13,5,11.850000000000001,0.0,0.0
117.100079,-11361,11738,7,-4,11.7,0.0,0.0
117.17689999999999,-11358,11738,5,-2,11.7,0.0,0.0
117.26555499999999,-11365,11743,-7,5,11.850000000000001,0.0,0.0
117.345663,-11363,11742,1,0,11.850000000000001,0.0,0.0
117.437579,-11362,11742,1,0,10.350000000000001,0.0,0.0
117.53108099999999,-11358,11738,4,-4,10.350000000000001,0.0,0.0
117.622815,-11359,11738,-1,0,10.8,0.0,0.0
117.712426,-11363,11740,-4,2,11.75,0.0,0.0
117.81388399999999,-11369,11745,-6,5,11.75,0.0,0.0
117.89599899999999,-11363,11740,6,-5,11.75,0.0,0.0
117.988219,-11357,11738,7,-2,11.75,0.0,0.0
118.078792,-11362,11738,-5,0,11.5,0.0,0.0
118.157264,-11370,11746,-11,8,11.5,0.0,0.0
118.247301,-11364,11741,5,-4,11.65,0.0,0.0
118.335855,-11362,11739,2,-2,11.65,0.0,0.0
118.4294,-11366,11744,-5,6,11.9,0.0,0.0
118.525897,-11356,11738,10,-6,11.850000000000001,0.0,0.0
118.61563799999999,-11368,11743,-12,5,11.850000000000001,0.0,0.0
118.707882,-11366,11742,0,0,10.350000000000001,0.0,0.0
118.798627,-11360,11738,6,-4,10.350000000000001,0.0,0.0
118.895506,-11362,11740,-2,2,10.350000000000001,0.0,0.0
118.999035,-11362,11739,0,-1,10.5,0.0,0.0
119.09644999999999,-11363,11740,-1,1,10.5,0.0,0.0
119.17964500000001,-11362,11739,1,-1,10.350000000000001,0.0,0.0
119.275443,-11362,11739,0,0,10.350000000000001,0.0,0.0
119.37177799999999,-11360,11738,2,-1,11.350000000000001,0.0,0.0
119.464203,-11364,11739,-4,1,11.350000000000001,0.0,0.0
119.55670500000001,-11371,11745,-7,6,11.75,0.0,0.0
119.655243,-11363,11739,8,-6,11.75,0.0,0.0
119.752669,-11360,11738,4,-1,11.75,0.0,0.0
119.838286,-11362,11739,-2,1,11.75,0.0,0.0
119.932301,-11362,11739,0,0,11.75,0.0,0.0
120.011807,-11363,11740,-1,1,11.8,0.0,0.0
120.094143,-11364,11740,-1,1,11.8,0.0,0.0
120.173436,-11363,11739,1,-1,11.8,0.0,0.0
120.25922,-11362,11739,1,0,11.8,0.0,0.0
120.34658499999999,-11363,11739,-1,0,11.8,0.0,0.0
120.427343,-11363,11739,0,0,11.8,0.0,0.0
120.504023,-11363,11739,0,0,11.850000000000001,0.0,0.0
120.588277,-11363,11739,0,0,11.850000000000001,0.0,0.0
120.678073,-11363,11739,0,0,11.850000000000001,0.0,0.0
120.759849,-11363,11739,0,0,11.850000000000001,0.0,0.0
120.843338,-11363,11739,0,0,11.850000000000001,0.0,0.0
120.9305,-11363,11739,0,0,10.850000000000001,0.0,0.0
121.020015,-11363,11739,0,0,10.850000000000001,0.0,0.0
121.104013,-11363,11739,0,0,11.75,0.0,0.0
121.191627,-11363,11739,0,0,11.75,0.0,0.0
121.27172099999999,-11363,11739,0,0,11.8,0.0,0.0
121.351407,-11363,11739,0,0,11.8,0.0,0.0
121.435895,-11363,11739,0,0,11.850000000000001,0.0,0.0
121.510858,-11363,11739,0,0,11.850000000000001,0.0,0.0
121.57930400000001,-11363,11739,0,0,11.850000000000001,0.0,0.0
121.66198299999999,-11363,11739,0,0,11.850000000000001,0.0,0.0
121.758352,-11363,11739,0,0,11.7,0.0,0.0
121.842781,-11363,11739,0,0,11.7,0.0,0.0
121.928814,-11363,11739,0,0,11.8,0.0,0.0
122.01487999999999,-11363,11739,0,0,11.8,0.0,0.0
122.103422,-11363,11739,0,0,11.2,0.0,0.0
122.17847099999999,-11363,11739,0,0,11.2,0.0,0.0
122.260356,-11363,11739,0,0,11.8,0.0,0.0
122.333647,-11363,11739,0,0,11.8,0.0,0.0
122.432603,-11363,11739,0,0,11.600000000000001,0.0,0.0
122.51492,-11363,11739,0,0,11.0,0.0,0.0
122.60273699999999,-11363,11739,0,0,11.0,0.0,0.0
122.695636,-11363,11739,0,0,11.8,0.0,0.0
122.77941899999999,-11363,11739,0,0,11.8,0.0,0.0
122.86048,-11363,11739,0,0,11.8,0.0,0.0
122.93937,-11363,11739,0,0,11.8,0.0,0.0
123.027489,-11363,11739,0,0,11.8,0.0,0.0
123.105035,-11363,11739,0,0,11.8,0.0,0.0
123.17533099999999,-11363,11739,0,0,11.850000000000001,0.0,0.0
123.254235,-11363,11739,0,0,11.850000000000001,0.0,0.0
123.334238,-11363,11739,0,0,11.850000000000001,0.0,0.0
123.411172,-11363,11739,0,0,11.850000000000001,0.0,0.0
123.48750100000001,-11363,11739,0,0,11.850000000000001,0.0,0.0
123.57267399999999,-11363,11739,0,0,11.850000000000001,0.0,0.0
123.64761299999999,-11363,11739,0,0,11.850000000000001,0.0,0.0
123.729885,-11363,11739,0,0,11.850000000000001,0.0,0.0
123.816741,-11363,11739,0,0,11.850000000000001,0.0,0.0
123.89664,-11363,11739,0,0,11.850000000000001,0.0,0.0
123.98004699999998,-11363,11739,0,0,11.850000000000001,0.0,0.0
124.063468,-11363,11739,0,0,11.850000000000001,0.0,0.0
124.140401,-11363,11739,0,0,11.850000000000001,0.0,0.0
124.219912,-11363,11739,0,0,11.850000000000001,0.0,0.0
124.296741,-11363,11739,0,0,11.850000000000001,0.0,0.0
124.376515,-11363,11739,0,0,11.850000000000001,0.0,0.0
124.450358,-11363,11739,0,0,11.850000000000001,0.0,0.0
124.526856,-11363,11739,0,0,11.850000000000001,0.0,0.0
124.61377,-11331,11770,32,31,9.8,0.45454545454545453,0.5298142717497556
124.70128,-11246,11814,85,52,9.8,0.17497556207233628,0.43010752688172044
124.79123200000001,-11171,11834,97,20,11.600000000000001,-0.11534701857282502,0.0635386119257087
124.865867,-11139,11830,47,-4,11.600000000000001,-0.187683284457478,-0.1378299120234604
124.950423,-11063,11760,78,-103,7.0,-1.0,0.9638318670576735
125.04686899999999,-10952,11646,111,-114,7.0,0.0,0.0
125.140099,-10902,11590,50,-56,11.7,0.0,0.0
125.23358999999999,-10863,11539,52,-51,11.7,0.20527859237536658,-0.14467253176930597
125.306084,-10867,11495,5,-51,11.3,-0.41055718475073316,-0.5298142717497556
125.40366499999999,-10953,11470,-86,-34,9.55,-0.46920821114369504,-0.5298142717497556
125.50057699999999,-11027,11430,-74,-40,9.55,0.0,0.0
125.58567500000001,-11055,11425,-38,-13,11.7,0.0,0.0
125.679517,-11065,11431,-10,6,11.7,0.0,0.0
125.785018,-11065,11435,0,4,11.75,0.0,0.0
125.883403,-11065,11432,0,-3,11.75,0.0,0.0
125.98095399999998,-11138,11518,-73,86,11.75,1.0,-0.9872922776148583
126.084912,-11222,11621,-84,104,10.8,0.0,0.0
126.17014599999999,-11257,11658,-42,42,10.8,0.0,0.0
126.26947100000001,-11323,11711,-66,57,11.7,0.0,0.0
126.35756199999999,-11382,11765,-59,54,11.75,0.0,0.0
126.445073,-11391,11773,-18,15,11.75,0.0,0.0
126.53363599999999,-11380,11765,11,-8,11.75,0.0,0.0
126.63009699999999,-11386,11771,-6,7,11.75,0.0,0.0
126.73224699999999,-11390,11772,-4,0,11.8,0.0,0.0
126.830194,-11384,11766,6,-7,11.8,0.0,0.0
126.916219,-11374,11759,10,-7,11.8,0.0,0.0
127.00377999999998,-11373,11758,3,-3,11.8,0.0,0.0
127.08785299999998,-11374,11759,-1,1,11.8,0.0,0.0
127.17777999999998,-11375,11760,-1,1,11.850000000000001,0.0,0.0
127.265071,-11376,11760,-1,0,11.850000000000001,0.0,0.0
127.33668899999999,-11376,11760,-1,0,11.850000000000001,0.0,0.0
127.41549699999999,-11376,11760,0,0,11.850000000000001,0.0,0.0
127.49413299999999,-11375,11760,1,0,11.850000000000001,0.0,0.0
127.570246,-11375,11760,0,0,11.850000000000001,0.0,0.0
127.65097600000001,-11375,11760,0,0,11.850000000000001,0.0,0.0
127.738985,-11375,11760,0,0,11.850000000000001,0.0,0.0
127.82225199999999,-11375,11760,0,0,11.850000000000001,0.0,0.0
127.904809,-11375,11760,0,0,11.850000000000001,0.0,0.0
127.99027099999999,-11375,11760,0,0,11.850000000000001,0.0,0.0
128.07530699999998,-11375,11760,0,0,11.850000000000001,0.0,0.0
128.14795099999998,-11375,11760,0,0,11.850000000000001,0.0,0.0
128.226946,-11375,11760,0,0,11.850000000000001,0.0,0.0
128.30562799999998,-11375,11760,0,0,11.850000000000001,0.0,0.0
128.38071,-11375,11760,0,0,11.850000000000001,0.0,0.0
128.455325,-11375,11760,0,0,11.850000000000001,0.0,0.0
128.525338,-11375,11760,0,0,11.850000000000001,0.0,0.0
128.59968199999997,-11375,11760,0,0,11.850000000000001,0.0,0.0
128.676089,-11375,11760,0,0,11.850000000000001,0.0,0.0
128.75932,-11375,11760,0,0,11.850000000000001,0.0,0.0
128.841623,-11375,11760,0,0,11.850000000000001,0.0,0.0
128.923716,-11375,11760,0,0,11.850000000000001,0.0,0.0
129.01116,-11375,11760,0,0,11.850000000000001,0.0,0.0
129.087825,-11375,11760,0,0,11.850000000000001,0.0,0.0
129.17239,-11375,11760,0,0,11.850000000000001,0.0,0.0
129.255898,-11375,11760,0,0,11.850000000000001,0.0,0.0
129.330659,-11375,11760,0,0,11.850000000000001,0.0,0.0
129.408005,-11375,11760,0,0,11.850000000000001,0.0,0.0
129.480571,-11375,11760,0,0,11.850000000000001,0.0,0.0
129.56097799999998,-11375,11760,0,0,11.850000000000001,0.0,0.0
129.63526099999999,-11375,11760,0,0,11.850000000000001,0.0,0.0
129.704875,-11375,11760,0,0,11.850000000000001,0.0,0.0
129.793312,-11375,11760,0,0,11.850000000000001,0.0,0.0
129.876108,-11375,11760,0,0,11.850000000000001,0.0,0.0
129.95458200000002,-11375,11760,0,0,11.850000000000001,0.0,0.0
130.03714399999998,-11375,11760,0,0,11.850000000000001,0.0,0.0
130.12284499999998,-11375,11760,0,0,11.850000000000001,0.0,0.0
130.206304,-11375,11760,0,0,11.850000000000001,0.0,0.0
130.28751899999997,-11375,11760,0,0,11.850000000000001,0.0,0.0
130.36208,-11375,11760,0,0,11.850000000000001,0.0,0.0
130.437306,-11375,11760,0,0,11.850000000000001,0.0,0.0
130.510499,-11375,11760,0,0,11.850000000000001,0.0,0.0
130.577016,-11375,11760,0,0,11.850000000000001,0.0,0.0
130.648537,-11375,11760,0,0,11.850000000000001,0.0,0.0
130.723433,-11375,11760,0,0,11.850000000000001,0.0,0.0
130.806816,-11375,11760,0,0,11.850000000000001,0.0,0.0
130.895577,-11376,11762,-1,2,10.350000000000001,0.0,0.0
130.99352000000002,-11373,11758,3,-4,11.0,0.0,0.0
131.08717000000001,-11373,11758,0,0,11.0,0.0,0.0
131.17422900000003,-11373,11757,0,-1,11.75,0.0,0.0
131.263815,-11378,11762,-5,6,11.75,0.0,0.0
131.350871,-11379,11762,-2,0,11.8,0.0,0.0
131.43203400000002,-11378,11759,3,-3,11.8,0.0,0.0
131.525978,-11373,11757,5,-3,11.350000000000001,0.0,0.0
131.61589800000002,-11374,11758,-1,1,11.350000000000001,0.0,0.0
131.703844,-11382,11764,-9,8,11.600000000000001,0.0,0.0
131.785017,-11381,11764,-1,1,11.600000000000001,0.0,0.0
131.86687300000003,-11375,11759,8,-6,11.7,0.0,0.0
131.95635700000003,-11373,11760,2,1,11.850000000000001,0.0,0.0
132.038864,-11373,11756,0,-4,11.850000000000001,0.0,0.0
132.135527,-11378,11762,-5,6,11.2,0.0,0.0
132.237107,-11383,11768,-5,6,11.2,0.0,0.0
132.32505500000002,-11373,11757,11,-11,11.75,0.0,0.0
132.416108,-11374,11758,-1,1,11.75,0.0,0.0
132.49906900000002,-11379,11762,-7,6,11.8,0.0,0.0
132.57816100000002,-11380,11764,-2,2,11.8,0.0,0.0
132.664812,-11375,11760,5,-4,11.8,0.0,0.0
132.755039,-11372,11756,4,-4,11.9,0.0,0.0
132.85064200000002,-11377,11766,-5,10,11.9,0.0,0.0
132.945796,-11375,11761,2,-2,11.850000000000001,0.0,0.0
133.039803,-11373,11758,2,-3,11.850000000000001,0.0,0.0
133.138369,-11379,11765,-6,7,10.45,0.0,0.0
133.222152,-11374,11760,4,-4,10.45,0.0,0.0
133.32515600000002,-11373,11758,1,2,11.8,0.0,0.0
133.425057,-11375,11760,-2,2,11.850000000000001,0.0,0.0
133.53071400000002,-11372,11757,3,-4,11.850000000000001,0.0,0.0
133.72897100000003,-11390,11772,-18,15,11.850000000000001,0.0,0.0
133.96054400000003,-11374,11759,-2,3,10.3,0.0,0.0
134.056883,-11378,11764,-5,5,10.8,0.0,0.0
134.19057899999999,-11372,11756,2,-6,10.8,0.0,0.0
134.45953,-11381,11762,5,-6,11.45,0.0,0.0
134.58334900000003,-11378,11761,2,-1,11.7,0.0,0.0
134.673932,-11376,11759,5,-2,11.05,0.0,0.0
134.763597,-11372,11756,4,-7,11.05,0.0,0.0
134.858899,-11377,11763,-5,7,10.350000000000001,0.0,0.0
134.969057,-11376,11762,1,-1,10.350000000000001,0.0,0.0
135.06070300000002,-11372,11758,4,-4,10.350000000000001,0.0,0.0
135.15555600000002,-11375,11760,-3,2,10.350000000000001,0.0,0.0
135.247611,-11376,11762,-2,2,10.350000000000001,0.0,0.0
135.32783,-11374,11761,2,-2,10.350000000000001,0.0,0.0
135.42589900000002,-11372,11759,2,-2,10.350000000000001,0.0,0.0
135.5174,-11373,11760,-1,1,10.350000000000001,0.0,0.0
135.611452,-11372,11758,0,-2,10.350000000000001,0.0,0.0
135.70148,-11372,11756,0,-2,11.600000000000001,0.0,0.0
135.781122,-11378,11762,-6,6,11.600000000000001,0.0,0.0
135.865839,-11380,11763,-4,3,11.75,0.0,0.0
135.96369900000002,-11376,11760,4,-3,11.75,0.0,0.0
136.05629700000003,-11374,11759,2,-1,11.75,0.0,0.0
136.13934799999998,-11374,11760,0,1,11.75,0.0,0.0
136.230362,-11374,11761,0,0,11.75,0.0,0.0
136.31264800000002,-11372,11758,2,-3,11.8,0.0,0.0
136.39022900000003,-11372,11759,0,1,11.8,0.0,0.0
136.473191,-11374,11760,-2,1,11.8,0.0,0.0
136.549718,-11374,11760,0,0,11.8,0.0,0.0
136.63264,-11374,11760,0,0,11.8,0.0,0.0
136.69904,-11374,11760,0,0,11.8,0.0,0.0
136.776182,-11374,11760,0,0,11.8,0.0,0.0
136.84489800000003,-11374,11760,0,0,11.8,0.0,0.0
136.922394,-11373,11760,1,0,11.850000000000001,0.0,0.0
137.00490000000002,-11373,11760,0,0,11.850000000000001,0.0,0.0
137.085741,-11374,11760,-1,0,11.850000000000001,0.0,0.0
137.165358,-11374,11760,0,0,11.850000000000001,0.0,0.0
137.247026,-11374,11760,0,0,11.850000000000001,0.0,0.0
137.331312,-11373,11760,1,0,11.850000000000001,0.0,0.0
137.41102600000002,-11373,11760,0,0,11.75,0.0,0.0
137.49869,-11372,11758,1,-2,11.75,0.0,0.0
137.58891400000002,-11372,11756,1,-2,11.55,0.0,0.0
137.67816,-11381,11764,-9,8,11.55,0.0,0.0
137.77559900000003,-11381,11764,0,0,11.7,0.0,0.0
137.860595,-11376,11759,6,-5,11.7,0.0,0.0
137.95893300000003,-11374,11759,2,0,11.7,0.0,0.0
138.04801500000002,-11372,11759,2,0,11.75,0.0,0.0
138.127721,-11372,11757,1,-3,11.75,0.0,0.0
138.22148800000002,-11375,11760,-3,3,11.75,0.0,0.0
138.31404400000002,-11376,11761,-1,1,11.75,0.0,0.0
138.408695,-11375,11760,1,-1,11.8,0.0,0.0
138.49829200000002,-11374,11760,2,0,11.8,0.0,0.0
138.580585,-11372,11757,2,-5,10.65,0.0,0.0
138.67366700000002,-11376,11761,-4,4,10.65,0.0,0.0
138.760125,-11374,11760,2,0,10.15,0.0,0.0
138.86080900000002,-11374,11758,0,-2,10.45,0.0,0.0
138.94129,-11375,11760,-2,2,10.45,0.0,0.0
139.041133,-11373,11759,2,-1,10.5,0.0,0.0
139.13548200000002,-11373,11759,0,0,10.5,0.0,0.0
139.22154400000002,-11373,11759,0,0,10.45,0.0,0.0
139.30401700000002,-11374,11759,-1,0,10.45,0.0,0.0
139.40510400000002,-11374,11760,0,1,10.45,0.0,0.0
139.497738,-11374,11760,0,0,10.4,0.0,0.0
139.580836,-11373,11759,1,-1,10.4,0.0,0.0
139.67525100000003,-11372,11757,1,-2,11.4,0.0,0.0
139.775125,-11372,11757,0,0,11.4,0.0,0.0
139.861285,-11377,11761,-5,5,11.75,0.0,0.0
139.96169400000002,-11377,11760,0,-1,11.75,0.0,0.0
140.06294200000002,-11374,11758,3,-2,11.75,0.0,0.0
140.159401,-11374,11760,0,2,11.75,0.0,0.0
140.24464,-11375,11761,-1,2,11.75,0.0,0.0
140.3285,-11372,11759,3,-3,11.75,0.0,0.0
140.41461200000003,-11372,11758,0,-1,11.75,0.0,0.0
140.504097,-11374,11760,-2,2,11.8,0.0,0.0
140.58345500000001,-11374,11760,0,0,11.8,0.0,0.0
140.67281300000002,-11374,11759,0,-1,11.8,0.0,0.0
140.77291200000002,-11374,11760,0,1,11.8,0.0,0.0
140.850171,-11374,11760,0,0,11.8,0.0,0.0
140.93996900000002,-11373,11760,1,0,11.8,0.0,0.0
141.01953100000003,-11373,11760,0,0,11.8,0.0,0.0
141.10704,-11373,11760,0,0,11.8,0.0,0.0
141.18924,-11374,11760,-1,0,11.8,0.0,0.0
141.26712300000003,-11374,11760,0,0,11.8,0.0,0.0
141.344684,-11373,11760,1,0,11.8,0.0,0.0
141.43188800000001,-11373,11760,0,0,11.850000000000001,0.0,0.0
141.518479,-11373,11760,0,0,11.850000000000001,0.0,0.0
141.60285000000002,-11372,11758,1,-2,11.4,0.0,0.0
141.70172,-11372,11756,0,-2,11.4,0.0,0.0
141.79913900000003,-11380,11763,-8,7,11.65,0.0,0.0
141.886233,-11380,11763,-1,1,11.75,0.0,0.0
141.98562900000002,-11375,11758,5,-5,11.75,0.0,0.0
142.065705,-11373,11760,2,2,11.75,0.0,0.0
142.15772,-11372,11760,1,1,11.75,0.0,0.0
142.248964,-11372,11758,1,-2,11.75,0.0,0.0
142.334682,-11374,11760,-2,2,11.75,0.0,0.0
142.412991,-11375,11761,-2,1,11.75,0.0,0.0
142.494663,-11374,11760,1,-1,11.75,0.0,0.0
142.571913,-11374,11760,1,0,11.75,0.0,0.0
142.65006300000002,-11373,11760,1,0,11.75,0.0,0.0
142.728288,-11373,11760,0,0,11.75,0.0,0.0
142.818937,-11374,11760,-1,0,11.75,0.0,0.0
142.90678400000002,-11374,11762,0,2,12.0,0.0,0.0
142.98425500000002,-11372,11756,3,-6,12.0,0.0,0.0
143.078622,-11376,11760,-4,4,11.850000000000001,0.0,0.0
143.16880500000002,-11379,11764,-5,5,11.850000000000001,0.0,0.0
143.254377,-11377,11761,3,-3,11.850000000000001,0.0,0.0
143.339146,-11372,11758,5,-4,11.850000000000001,0.0,0.0
143.42290800000004,-11372,11757,0,-2,11.850000000000001,0.0,0.0
143.50535700000003,-11374,11759,-2,2,11.850000000000001,0.0,0.0
143.58368900000002,-11375,11760,-2,1,11.850000000000001,0.0,0.0
143.66663,-11375,11760,-1,0,11.850000000000001,0.0,0.0
143.747435,-11373,11759,2,-1,11.850000000000001,0.0,0.0
143.828883,-11373,11759,1,0,11.850000000000001,0.0,0.0
143.916899,-11374,11760,-1,1,11.850000000000001,0.0,0.0
144.01019100000002,-11372,11757,2,-3,11.5,0.0,0.0
144.099373,-11379,11764,-7,6,11.5,0.0,0.0
144.19586,-11372,11758,7,-6,11.850000000000001,0.0,0.0
144.287041,-11373,11758,0,-2,11.850000000000001,0.0,0.0
144.372656,-11375,11762,-2,4,11.850000000000001,0.0,0.0
144.45563900000002,-11373,11759,2,-2,11.850000000000001,0.0,0.0
144.54345200000003,-11373,11759,0,-1,11.850000000000001,0.0,0.0
144.619133,-11374,11760,-1,1,11.850000000000001,0.0,0.0
144.697731,-11373,11760,1,0,11.850000000000001,0.0,0.0
144.782685,-11373,11760,0,0,11.850000000000001,0.0,0.0
144.85852000000003,-11373,11760,0,0,11.850000000000001,0.0,0.0
144.942474,-11373,11760,0,0,11.850000000000001,0.0,0.0
145.02161,-11373,11760,0,0,11.850000000000001,0.0,0.0
145.108204,-11373,11760,0,0,11.850000000000001,0.0,0.0
145.190043,-11373,11760,0,0,11.850000000000001,0.0,0.0
145.28411200000002,-11373,11760,0,0,11.850000000000001,0.0,0.0
145.359467,-11373,11760,0,0,11.850000000000001,0.0,0.0
145.43741500000002,-11373,11760,0,0,11.850000000000001,0.0,0.0
145.513709,-11373,11760,0,0,11.850000000000001,0.0,0.0
145.58357800000002,-11373,11760,0,0,11.850000000000001,0.0,0.0
145.662117,-11373,11760,0,0,11.850000000000001,0.0,0.0
145.741152,-11373,11760,0,0,11.850000000000001,0.0,0.0
145.824244,-11373,11760,0,0,11.850000000000001,0.0,0.0
145.900549,-11373,11760,0,0,11.850000000000001,0.0,0.0
145.984943,-11373,11760,0,0,11.850000000000001,0.0,0.0
146.071709,-11373,11760,0,0,11.850000000000001,0.0,0.0
146.147602,-11373,11760,0,0,11.850000000000001,0.0,0.0
146.227951,-11373,11760,0,0,11.850000000000001,0.0,0.0
146.308659,-11373,11760,0,0,11.850000000000001,0.0,0.0
146.38712000000004,-11373,11760,0,0,11.850000000000001,0.0,0.0
146.4583,-11373,11760,0,0,11.850000000000001,0.0,0.0
146.537799,-11373,11760,0,0,11.850000000000001,0.0,0.0
146.614279,-11373,11760,0,0,11.850000000000001,0.0,0.0
146.702429,-11373,11760,0,0,11.850000000000001,0.0,0.0
146.77397900000003,-11373,11760,0,0,11.850000000000001,0.0,0.0
146.861473,-11373,11760,0,0,11.850000000000001,0.0,0.0
146.937633,-11373,11760,0,0,11.850000000000001,0.0,0.0
147.035377,-11373,11760,0,0,11.850000000000001,0.0,0.0
147.11479500000002,-11373,11760,0,0,11.850000000000001,0.0,0.0
147.19354800000002,-11373,11760,0,0,11.850000000000001,0.0,0.0
147.277209,-11373,11760,0,0,11.850000000000001,0.0,0.0
147.361184,-11373,11760,0,0,11.850000000000001,0.0,0.0
147.447056,-11373,11760,0,0,11.850000000000001,0.0,0.0
147.52578100000002,-11373,11760,0,0,11.850000000000001,0.0,0.0
147.611932,-11373,11760,0,0,11.850000000000001,0.0,0.0
147.68857,-11373,11760,0,0,11.850000000000001,0.0,0.0
147.771614,-11373,11760,0,0,11.850000000000001,0.0,0.0
147.86562000000004,-11373,11760,0,0,11.850000000000001,0.0,0.0
147.951311,-11373,11760,0,0,11.850000000000001,0.0,0.0
148.033928,-11373,11760,0,0,11.850000000000001,0.0,0.0
148.113799,-11373,11760,0,0,11.850000000000001,0.0,0.0
148.20368200000001,-11373,11760,0,0,11.850000000000001,0.0,0.0
148.283961,-11373,11760,0,0,11.850000000000001,0.0,0.0
148.36907200000002,-11373,11760,0,0,11.850000000000001,0.0,0.0
148.446695,-11373,11760,0,0,11.850000000000001,0.0,0.0
148.52235100000001,-11373,11760,0,0,11.850000000000001,0.0,0.0
148.598345,-11373,11760,0,0,11.850000000000001,0.0,0.0
148.674425,-11373,11760,0,0,11.850000000000001,0.0,0.0
148.74695,-11373,11760,0,0,11.850000000000001,0.0,0.0
148.826691,-11373,11760,0,0,11.850000000000001,0.0,0.0
148.89465300000003,-11373,11760,0,0,11.850000000000001,0.0,0.0
148.98028200000002,-11373,11760,0,0,11.850000000000001,0.0,0.0
149.06166100000002,-11373,11760,0,0,11.850000000000001,0.0,0.0
149.140262,-11373,11760,0,0,11.850000000000001,0.0,0.0
149.233924,-11373,11760,0,0,11.850000000000001,0.0,0.0
149.314356,-11373,11760,0,0,11.850000000000001,0.0,0.0
149.39440800000003,-11373,11760,0,0,11.850000000000001,0.0,0.0
149.46884100000003,-11373,11760,0,0,11.850000000000001,0.0,0.0
149.543073,-11373,11760,0,0,11.850000000000001,0.0,0.0
149.624221,-11373,11760,0,0,11.850000000000001,0.0,0.0
149.69496600000002,-11373,11760,0,0,11.850000000000001,0.0,0.0
149.77289000000002,-11373,11760,0,0,11.850000000000001,0.0,0.0
149.85216,-11373,11760,0,0,11.850000000000001,0.0,0.0
149.93661300000002,-11373,11760,0,0,11.850000000000001,0.0,0.0
150.02919400000002,-11373,11760,0,0,11.850000000000001,0.0,0.0
150.111605,-11373,11760,0,0,11.850000000000001,0.0,0.0
150.19211,-11373,11760,0,0,11.850000000000001,0.0,0.0
150.27375600000002,-11373,11760,0,0,11.850000000000001,0.0,0.0
150.358301,-11373,11760,0,0,11.850000000000001,0.0,0.0
150.435508,-11373,11760,0,0,11.850000000000001,0.0,0.0
150.51521000000002,-11373,11760,0,0,11.850000000000001,0.0,0.0
150.58677600000001,-11373,11760,0,0,11.850000000000001,0.0,0.0
150.65844900000002,-11373,11760,0,0,11.850000000000001,0.0,0.0
150.73374600000002,-11373,11760,0,0,11.850000000000001,0.0,0.0
150.80659300000002,-11373,11760,0,0,11.850000000000001,0.0,0.0
150.882586,-11373,11760,0,0,11.850000000000001,0.0,0.0
150.96695300000002,-11373,11760,0,0,11.850000000000001,0.0,0.0
151.04792600000002,-11373,11760,0,0,11.850000000000001,0.0,0.0
151.134575,-11373,11760,0,0,11.850000000000001,0.0,0.0
151.21780900000002,-11373,11760,0,0,11.850000000000001,0.0,0.0
151.29803,-11373,11760,0,0,11.850000000000001,0.0,0.0
151.390125,-11373,11760,0,0,11.850000000000001,0.0,0.0
151.459561,-11373,11760,0,0,11.850000000000001,0.0,0.0
151.53553900000003,-11373,11760,0,0,11.850000000000001,0.0,0.0
151.612209,-11373,11760,0,0,11.850000000000001,0.0,0.0
151.681744,-11373,11760,0,0,11.850000000000001,0.0,0.0
151.758213,-11373,11760,0,0,11.850000000000001,0.0,0.0
151.84015800000003,-11373,11760,0,0,11.850000000000001,0.0,0.0
151.91882,-11373,11760,0,0,11.850000000000001,0.0,0.0
152.000522,-11373,11760,0,0,11.850000000000001,0.0,0.0
152.0841,-11373,11760,0,0,11.850000000000001,0.0,0.0
152.15464500000002,-11373,11760,0,0,11.850000000000001,0.0,0.0
152.23389200000003,-11373,11760,0,0,11.850000000000001,0.0,0.0
152.316035,-11373,11760,0,0,11.850000000000001,0.0,0.0
152.395894,-11373,11760,0,0,11.850000000000001,0.0,0.0
152.47607700000003,-11373,11760,0,0,11.850000000000001,0.0,0.0
152.55248400000002,-11373,11760,0,0,11.850000000000001,0.0,0.0
152.624812,-11373,11760,0,0,11.850000000000001,0.0,0.0
152.70481,-11373,11760,0,0,11.850000000000001,0.0,0.0
152.77911500000002,-11373,11760,0,0,11.850000000000001,0.0,0.0
152.85453700000002,-11373,11760,0,0,11.850000000000001,0.0,0.0
152.932538,-11373,11760,0,0,11.850000000000001,0.0,0.0
153.01546500000003,-11373,11760,0,0,11.850000000000001,0.0,0.0
153.084483,-11373,11760,0,0,11.850000000000001,0.0,0.0
153.168719,-11373,11760,0,0,11.850000000000001,0.0,0.0
153.253001,-11373,11760,0,0,11.850000000000001,0.0,0.0
153.33326,-11373,11760,0,0,11.850000000000001,0.0,0.0
153.411016,-11373,11760,0,0,11.850000000000001,0.0,0.0
153.489077,-11373,11760,0,0,11.850000000000001,0.0,0.0
153.560193,-11373,11760,0,0,11.850000000000001,0.0,0.0
153.637897,-11373,11760,0,0,11.850000000000001,0.0,0.0
153.713748,-11373,11760,0,0,11.850000000000001,0.0,0.0
153.79272,-11373,11760,0,0,11.850000000000001,0.0,0.0
153.867972,-11373,11760,0,0,11.850000000000001,0.0,0.0
153.93858300000002,-11373,11760,0,0,11.850000000000001,0.0,0.0
154.025606,-11373,11760,0,0,11.850000000000001,0.0,0.0
154.12022100000002,-11373,11760,0,0,11.850000000000001,0.0,0.0
154.206333,-11373,11760,0,0,11.850000000000001,0.0,0.0
154.295826,-11373,11760,0,0,11.850000000000001,0.0,0.0
154.384344,-11373,11760,0,0,11.850000000000001,0.0,0.0
154.45959600000003,-11373,11760,0,0,11.850000000000001,0.0,0.0
154.544016,-11373,11760,0,0,11.850000000000001,0.0,0.0
154.62434100000002,-11373,11760,0,0,11.850000000000001,0.0,0.0
154.70669700000002,-11373,11760,0,0,11.850000000000001,0.0,0.0
154.791964,-11373,11760,0,0,11.850000000000001,0.0,0.0
154.878001,-11373,11760,0,0,11.850000000000001,0.0,0.0
154.97894100000002,-11373,11760,0,0,11.850000000000001,0.0,0.0
155.065479,-11373,11760,0,0,11.850000000000001,0.0,0.0
155.158656,-11373,11760,0,0,11.850000000000001,0.0,0.0
155.245863,-11373,11760,0,0,11.850000000000001,0.0,0.0
155.32836200000003,-11373,11760,0,0,11.850000000000001,0.0,0.0
155.420272,-11373,11760,0,0,11.850000000000001,0.0,0.0
155.49586000000002,-11373,11760,0,0,11.850000000000001,0.0,0.0
155.57719600000001,-11373,11760,0,0,11.850000000000001,0.0,0.0
155.647355,-11373,11760,0,0,11.850000000000001,0.0,0.0
155.73561200000003,-11373,11760,0,0,11.850000000000001,0.0,0.0
155.81146900000002,-11373,11760,0,0,11.850000000000001,0.0,0.0
155.88326500000002,-11373,11760,0,0,11.850000000000001,0.0,0.0
155.95972600000002,-11373,11760,0,0,11.850000000000001,0.0,0.0
156.05562300000003,-11373,11760,0,0,11.850000000000001,0.0,0.0
156.13342500000002,-11373,11760,0,0,11.850000000000001,0.0,0.0
156.21434900000003,-11373,11760,0,0,11.850000000000001,0.0,0.0
156.290116,-11373,11760,0,0,11.850000000000001,0.0,0.0
156.36640300000002,-11373,11760,0,0,11.850000000000001,0.0,0.0
156.444026,-11373,11760,0,0,11.850000000000001,0.0,0.0
156.516423,-11373,11760,0,0,11.850000000000001,0.0,0.0
156.58995700000003,-11373,11760,0,0,11.850000000000001,0.0,0.0
156.66238700000002,-11373,11760,0,0,11.850000000000001,0.0,0.0
156.737432,-11373,11760,0,0,11.850000000000001,0.0,0.0
156.81238900000002,-11373,11760,0,0,11.850000000000001,0.0,0.0
156.885918,-11373,11760,0,0,11.850000000000001,0.0,0.0
156.96961800000003,-11373,11760,0,0,11.850000000000001,0.0,0.0
157.05324900000002,-11373,11760,0,0,11.850000000000001,0.0,0.0
157.13688100000002,-11373,11760,0,0,11.850000000000001,0.0,0.0
157.218366,-11373,11760,0,0,11.850000000000001,0.0,0.0
157.300038,-11373,11760,0,0,11.850000000000001,0.0,0.0
157.382057,-11373,11760,0,0,11.850000000000001,0.0,0.0
157.46085900000003,-11373,11760,0,0,11.850000000000001,0.0,0.0
157.537372,-11373,11760,0,0,11.850000000000001,0.0,0.0
157.613681,-11373,11760,0,0,11.850000000000001,0.0,0.0
157.691729,-11373,11760,0,0,11.850000000000001,0.0,0.0
157.771111,-11373,11760,0,0,11.850000000000001,0.0,0.0
157.849677,-11373,11760,0,0,11.850000000000001,0.0,0.0
157.93389800000003,-11373,11760,0,0,11.850000000000001,0.0,0.0
158.013579,-11373,11760,0,0,11.850000000000001,0.0,0.0
158.095187,-11373,11760,0,0,11.850000000000001,0.0,0.0
158.17420800000002,-11373,11760,0,0,11.850000000000001,0.0,0.0
158.259722,-11373,11760,0,0,11.850000000000001,0.0,0.0
158.34001700000002,-11373,11760,0,0,11.850000000000001,0.0,0.0
158.428782,-11373,11760,0,0,11.850000000000001,0.0,0.0
158.509761,-11373,11760,0,0,11.850000000000001,0.0,0.0
158.58279000000002,-11373,11760,0,0,11.850000000000001,0.0,0.0
158.66304300000002,-11373,11760,0,0,11.850000000000001,0.0,0.0
158.74296,-11373,11760,0,0,11.850000000000001,0.0,0.0
158.82049,-11373,11760,0,0,11.850000000000001,0.0,0.0
158.89316100000002,-11373,11760,0,0,11.850000000000001,0.0,0.0
158.97617200000002,-11373,11760,0,0,11.850000000000001,0.0,0.0
159.06098400000002,-11373,11760,0,0,11.850000000000001,0.0,0.0
159.13465800000003,-11373,11760,0,0,11.850000000000001,0.0,0.0
159.22375100000002,-11373,11760,0,0,11.850000000000001,0.0,0.0
159.312839,-11373,11760,0,0,11.850000000000001,0.0,0.0
159.388185,-11373,11760,0,0,11.850000000000001,0.0,0.0
159.462524,-11373,11760,0,0,11.850000000000001,0.0,0.0
159.53740900000003,-11373,11760,0,0,11.850000000000001,0.0,0.0
159.615513,-11373,11760,0,0,11.850000000000001,0.0,0.0
159.682892,-11373,11760,0,0,11.850000000000001,0.0,0.0
159.76851000000002,-11373,11760,0,0,11.850000000000001,0.0,0.0
159.83876800000002,-11373,11760,0,0,11.850000000000001,0.0,0.0
159.923348,-11373,11760,0,0,11.850000000000001,0.0,0.0
160.001522,-11373,11760,0,0,11.850000000000001,0.0,0.0
160.09520500000002,-11373,11760,0,0,11.850000000000001,0.0,0.0
160.17987100000002,-11373,11760,0,0,11.850000000000001,0.0,0.0
160.269136,-11374,11761,-1,1,11.850000000000001,0.0,0.0
160.36532400000002,-11372,11758,2,-3,10.350000000000001,0.0,0.0
160.443546,-11374,11759,-2,1,11.600000000000001,0.0,0.0
160.542127,-11372,11757,2,-2,11.600000000000001,0.0,0.0
160.637738,-11383,11766,-11,9,11.8,0.0,0.0
160.717417,-11378,11763,4,-2,11.8,0.0,0.0
160.79987300000002,-11372,11756,8,-8,11.8,0.0,0.0
160.886094,-11372,11758,0,2,11.8,0.0,0.0
160.978994,-11373,11759,-1,1,11.8,0.0,0.0
161.073216,-11374,11760,-1,1,11.8,0.0,0.0
161.168335,-11374,11760,0,0,11.8,0.0,0.0
161.27361000000002,-11373,11759,1,-1,11.850000000000001,0.0,0.0
161.359833,-11373,11759,0,0,11.850000000000001,0.0,0.0
161.43956,-11373,11760,0,1,11.850000000000001,0.0,0.0
161.52262900000002,-11373,11760,0,0,11.850000000000001,0.0,0.0
161.60809700000001,-11373,11759,0,-1,11.850000000000001,0.0,0.0
161.69834400000002,-11373,11759,0,0,11.850000000000001,0.0,0.0
161.79108100000002,-11373,11759,0,0,11.850000000000001,0.0,0.0
161.872375,-11373,11759,0,0,11.850000000000001,0.0,0.0
161.95526500000003,-11373,11759,0,0,11.850000000000001,0.0,0.0
162.052084,-11373,11756,0,-3,11.4,0.0,0.0
162.153961,-11375,11761,-2,5,11.4,0.0,0.0
162.256837,-11385,11770,-8,9,11.75,0.0,0.0
162.352844,-11373,11756,13,-14,11.75,0.0,0.0
162.444027,-11373,11756,0,0,11.850000000000001,0.0,0.0
162.53626200000002,-11378,11764,-5,8,11.9,0.0,0.0
162.618606,-11373,11758,6,-6,11.9,0.0,0.0
162.709966,-11373,11757,1,-3,11.9,0.0,0.0
162.790082,-11376,11761,-3,4,11.9,0.0,0.0
162.86834600000003,-11375,11761,0,1,11.850000000000001,0.0,0.0
162.951534,-11373,11758,3,-3,11.850000000000001,0.0,0.0
163.03986300000003,-11374,11759,-1,1,11.850000000000001,0.0,0.0
163.120573,-11374,11760,0,1,11.850000000000001,0.0,0.0
163.20191,-11374,11760,0,0,11.850000000000001,0.0,0.0
163.27951700000003,-11373,11759,1,-1,11.850000000000001,0.0,0.0
163.34704700000003,-11373,11759,1,-1,11.850000000000001,0.0,0.0
163.431829,-11374,11760,-1,1,11.850000000000001,0.0,0.0
163.50939000000002,-11374,11760,0,1,11.850000000000001,0.0,0.0
163.593002,-11374,11760,0,0,11.850000000000001,0.0,0.0
163.678332,-11374,11760,0,0,11.850000000000001,0.0,0.0
163.755605,-11374,11760,0,0,11.850000000000001,0.0,0.0
163.82924300000002,-11374,11760,0,0,11.850000000000001,0.0,0.0
163.901011,-11374,11760,0,0,11.850000000000001,0.0,0.0
163.98243800000003,-11374,11760,0,0,11.850000000000001,0.0,0.0
164.066594,-11374,11760,0,0,11.850000000000001,0.0,0.0
164.145804,-11374,11760,0,0,11.850000000000001,0.0,0.0
164.229434,-11374,11760,0,0,11.850000000000001,0.0,0.0
164.30670600000002,-11374,11760,0,0,11.850000000000001,0.0,0.0
164.386132,-11374,11760,0,0,11.850000000000001,0.0,0.0
164.46566,-11374,11760,0,0,11.850000000000001,0.0,0.0
164.54016900000002,-11374,11760,0,0,11.850000000000001,0.0,0.0
164.61504000000002,-11374,11760,0,0,11.850000000000001,0.0,0.0
164.686358,-11374,11760,0,0,11.850000000000001,0.0,0.0
164.760352,-11374,11760,0,0,11.850000000000001,0.0,0.0
164.83305200000004,-11374,11760,0,0,11.850000000000001,0.0,0.0
164.90893800000003,-11374,11760,0,0,11.850000000000001,0.0,0.0
164.981152,-11374,11760,0,0,11.850000000000001,0.0,0.0
165.056047,-11374,11760,0,0,11.850000000000001,0.0,0.0
165.134069,-11374,11760,0,0,11.850000000000001,0.0,0.0
165.214131,-11374,11760,0,0,11.850000000000001,0.0,0.0
165.296667,-11374,11760,0,0,11.850000000000001,0.0,0.0
165.376679,-11374,11760,0,0,11.850000000000001,0.0,0.0
165.45637000000002,-11374,11760,0,0,11.850000000000001,0.0,0.0
165.536864,-11374,11760,0,0,11.850000000000001,0.0,0.0
165.614358,-11374,11760,0,0,11.850000000000001,0.0,0.0
165.691514,-11374,11760,0,0,11.850000000000001,0.0,0.0
165.76128,-11374,11760,0,0,11.850000000000001,0.0,0.0
165.837448,-11374,11760,0,0,11.850000000000001,0.0,0.0
165.912299,-11374,11760,0,0,11.850000000000001,0.0,0.0
165.99408000000003,-11374,11760,0,0,11.850000000000001,0.0,0.0
166.07507,-11374,11760,0,0,11.850000000000001,0.0,0.0
166.153551,-11374,11760,0,0,11.850000000000001,0.0,0.0
166.230141,-11374,11760,0,0,11.850000000000001,0.0,0.0
166.314268,-11374,11760,0,0,11.850000000000001,0.0,0.0
166.39191,-11374,11760,0,0,11.850000000000001,0.0,0.0
166.47028100000003,-11374,11760,0,0,11.850000000000001,0.0,0.0
166.544363,-11374,11760,0,0,11.850000000000001,0.0,0.0
166.626027,-11374,11760,0,0,11.850000000000001,0.0,0.0
166.70556600000003,-11374,11760,0,0,11.850000000000001,0.0,0.0
166.78153,-11374,11760,0,0,11.850000000000001,0.0,0.0
166.85777500000003,-11374,11760,0,0,11.850000000000001,0.0,0.0
166.936235,-11374,11760,0,0,11.850000000000001,0.0,0.0
167.013976,-11374,11760,0,0,11.850000000000001,0.0,0.0
167.082018,-11374,11760,0,0,11.850000000000001,0.0,0.0
167.15803300000002,-11374,11760,0,0,11.850000000000001,0.0,0.0
167.239391,-11374,11760,0,0,11.850000000000001,0.0,0.0
167.332447,-11374,11760,0,0,11.850000000000001,0.0,0.0
167.415254,-11374,11760,0,0,11.850000000000001,0.0,0.0
167.496239,-11374,11760,0,0,11.850000000000001,0.0,0.0
167.56128,-11374,11760,0,0,11.850000000000001,0.0,0.0
167.637683,-11374,11760,0,0,11.850000000000001,0.0,0.0
167.710094,-11374,11760,0,0,11.850000000000001,0.0,0.0
167.785236,-11374,11760,0,0,11.850000000000001,0.0,0.0
167.860407,-11374,11760,0,0,11.850000000000001,0.0,0.0
167.941432,-11374,11760,0,0,11.850000000000001,0.0,0.0
168.04294900000002,-11374,11760,0,0,11.850000000000001,0.0,0.0
168.12128,-11374,11760,0,0,11.850000000000001,0.0,0.0
168.19264200000003,-11374,11760,0,0,11.850000000000001,0.0,0.0
168.29265300000003,-11374,11760,0,0,11.850000000000001,0.0,0.0
168.377342,-11374,11760,0,0,11.850000000000001,0.0,0.0
168.457379,-11374,11760,0,0,11.850000000000001,0.0,0.0
168.54687900000002,-11374,11760,0,0,11.850000000000001,0.0,0.0
168.61061200000003,-11374,11760,0,0,11.850000000000001,0.0,0.0
168.69002700000001,-11374,11760,0,0,11.850000000000001,0.0,0.0
168.766537,-11374,11760,0,0,11.850000000000001,0.0,0.0
168.84814300000002,-11374,11760,0,0,11.850000000000001,0.0,0.0
168.93905,-11374,11760,0,0,11.850000000000001,0.0,0.0
169.026035,-11374,11760,0,0,11.850000000000001,0.0,0.0
169.122546,-11374,11760,0,0,11.850000000000001,0.0,0.0
169.21738200000001,-11374,11760,0,0,11.850000000000001,0.0,0.0
169.30573700000002,-11374,11760,0,0,11.850000000000001,0.0,0.0
169.39367000000001,-11374,11760,0,0,11.850000000000001,0.0,0.0
169.491174,-11374,11760,0,0,11.850000000000001,0.0,0.0
169.564218,-11374,11760,0,0,11.850000000000001,0.0,0.0
169.643763,-11374,11760,0,0,11.850000000000001,0.0,0.0
169.72366100000002,-11374,11760,0,0,11.850000000000001,0.0,0.0
169.795793,-11374,11760,0,0,11.850000000000001,0.0,0.0
169.874478,-11374,11760,0,0,11.850000000000001,0.0,0.0
169.952329,-11374,11760,0,0,11.850000000000001,0.0,0.0
170.033989,-11374,11760,0,0,11.850000000000001,0.0,0.0
170.11447400000003,-11374,11760,0,0,11.850000000000001,0.0,0.0
170.200622,-11374,11760,0,0,11.850000000000001,0.0,0.0
170.276622,-11374,11760,0,0,11.850000000000001,0.0,0.0
170.36806600000003,-11374,11761,0,1,10.45,0.0,0.0
170.46164500000003,-11373,11758,1,-3,10.45,0.0,0.0
170.555383,-11375,11760,-2,2,10.4,0.0,0.0
170.640013,-11374,11760,1,0,10.4,0.0,0.0
170.72158800000003,-11373,11760,1,0,10.45,0.0,0.0
170.80833900000002,-11373,11759,0,-1,10.45,0.0,0.0
170.89738,-11373,11760,0,1,10.4,0.0,0.0
170.983382,-11373,11760,0,0,10.4,0.0,0.0
171.07715100000001,-11373,11760,0,0,10.350000000000001,0.0,0.0
171.170353,-11373,11759,0,-1,10.45,0.0,0.0
171.27161900000002,-11373,11759,0,0,10.45,0.0,0.0
171.36467100000002,-11373,11760,0,1,10.350000000000001,0.0,0.0
171.46209600000003,-11373,11760,0,0,10.350000000000001,0.0,0.0
171.556124,-11373,11759,0,-1,10.350000000000001,0.0,0.0
171.643401,-11373,11759,0,-1,10.350000000000001,0.0,0.0
171.74035,-11373,11760,0,1,10.350000000000001,0.0,0.0
171.838614,-11373,11760,0,0,10.3,0.0,0.0
171.928706,-11373,11760,0,1,10.3,0.0,0.0
172.01605600000002,-11373,11758,0,-2,10.3,0.0,0.0
172.11943100000002,-11373,11758,0,0,11.2,0.0,0.0
172.209016,-11373,11756,0,-2,11.2,0.0,0.0
172.296094,-11375,11759,-2,3,11.350000000000001,0.0,0.0
172.387799,-11377,11760,-3,2,11.350000000000001,0.0,0.0
172.47845200000003,-11375,11760,2,0,11.600000000000001,0.0,0.0
172.56799500000002,-11373,11760,3,-1,11.600000000000001,0.0,0.0
172.64848500000002,-11373,11760,0,-1,11.65,0.0,0.0
172.736307,-11373,11757,0,-3,11.65,0.0,0.0
172.81526700000003,-11374,11760,-1,3,11.7,0.0,0.0
172.89599,-11375,11761,-2,2,11.7,0.0,0.0
172.97992700000003,-11374,11759,1,-2,11.7,0.0,0.0
173.062665,-11374,11758,0,-2,11.7,0.0,0.0
173.144598,-11374,11760,0,2,11.7,0.0,0.0
173.22444600000003,-11373,11759,1,-1,11.7,0.0,0.0
173.30886600000002,-11373,11759,0,0,11.7,0.0,0.0
173.395496,-11374,11760,-1,1,11.7,0.0,0.0
173.48616900000002,-11374,11760,0,0,11.7,0.0,0.0
173.56471900000003,-11374,11760,0,0,11.7,0.0,0.0
173.64265000000003,-11373,11759,1,-1,11.7,0.0,0.0
173.72485,-11373,11759,0,-1,11.75,0.0,0.0
173.815587,-11374,11761,-1,2,11.75,0.0,0.0
173.901869,-11374,11760,0,0,11.850000000000001,0.0,0.0
173.985138,-11373,11756,1,-4,11.850000000000001,0.0,0.0
174.08028900000002,-11378,11761,-5,5,11.850000000000001,0.0,0.0
174.173312,-11377,11761,2,0,11.850000000000001,0.0,0.0
174.26387400000002,-11374,11758,3,-4,11.850000000000001,0.0,0.0
174.357608,-11374,11758,0,0,11.850000000000001,0.0,0.0
174.44003300000003,-11375,11760,-1,2,11.850000000000001,0.0,0.0
174.53156300000003,-11375,11760,0,0,11.850000000000001,0.0,0.0
174.61591,-11374,11759,1,-1,11.850000000000001,0.0,0.0
174.697514,-11374,11759,0,0,11.850000000000001,0.0,0.0
174.771417,-11374,11759,0,0,11.850000000000001,0.0,0.0
174.84654,-11374,11759,0,0,11.850000000000001,0.0,0.0
174.91898,-11374,11759,0,0,11.850000000000001,0.0,0.0
174.990325,-11374,11759,0,0,11.850000000000001,0.0,0.0
175.07163200000002,-11374,11759,0,0,11.850000000000001,0.0,0.0
175.14343100000002,-11374,11759,0,0,11.850000000000001,0.0,0.0
175.226278,-11374,11759,0,0,11.850000000000001,0.0,0.0
175.31509100000002,-11374,11759,0,0,11.850000000000001,0.0,0.0
175.39539000000002,-11374,11759,0,0,11.850000000000001,0.0,0.0
175.480061,-11374,11759,0,0,11.850000000000001,0.0,0.0
175.56787300000002,-11374,11759,0,0,11.850000000000001,0.0,0.0
175.657288,-11374,11759,0,0,11.850000000000001,0.0,0.0
175.74966700000002,-11374,11759,0,0,11.850000000000001,0.0,0.0
175.82862300000002,-11374,11759,0,0,11.850000000000001,0.0,0.0
175.91552900000002,-11374,11759,0,0,11.850000000000001,0.0,0.0
176.00538200000003,-11374,11759,0,0,11.850000000000001,0.0,0.0
176.098185,-11374,11759,0,0,11.850000000000001,0.0,0.0
176.183899,-11374,11759,0,0,11.850000000000001,0.0,0.0
176.26999,-11374,11759,0,0,11.850000000000001,0.0,0.0
176.36491800000002,-11374,11759,0,0,11.850000000000001,0.0,0.0
176.448345,-11374,11759,0,0,11.850000000000001,0.0,0.0
176.54682200000002,-11374,11759,0,0,11.850000000000001,0.0,0.0
176.63430800000003,-11374,11759,0,0,11.850000000000001,0.0,0.0
176.71873000000002,-11374,11759,0,0,11.850000000000001,0.0,0.0
176.79657200000003,-11374,11759,0,0,11.850000000000001,0.0,0.0
176.87041900000003,-11374,11759,0,0,11.850000000000001,0.0,0.0
176.94696900000002,-11374,11759,0,0,11.850000000000001,0.0,0.0
177.023652,-11374,11759,0,0,11.850000000000001,0.0,0.0
177.08782,-11374,11759,0,0,11.850000000000001,0.0,0.0
177.1696,-11374,11759,0,0,11.850000000000001,0.0,0.0
177.249795,-11374,11759,0,0,11.850000000000001,0.0,0.0
177.33127100000002,-11374,11759,0,0,11.850000000000001,0.0,0.0
177.410899,-11374,11759,0,0,11.850000000000001,0.0,0.0
177.49465700000002,-11374,11759,0,0,11.850000000000001,0.0,0.0
177.579054,-11374,11759,0,0,11.850000000000001,0.0,0.0
177.66054200000002,-11374,11759,0,0,11.850000000000001,0.0,0.0
177.735644,-11374,11759,0,0,11.850000000000001,0.0,0.0
177.812524,-11374,11759,0,0,11.850000000000001,0.0,0.0
177.88703600000002,-11374,11759,0,0,11.850000000000001,0.0,0.0
177.959662,-11374,11759,0,0,11.850000000000001,0.0,0.0
178.038228,-11374,11759,0,0,11.850000000000001,0.0,0.0
178.116647,-11374,11759,0,0,11.850000000000001,0.0,0.0
178.19091500000002,-11374,11759,0,0,11.850000000000001,0.0,0.0
178.26288100000002,-11374,11759,0,0,11.850000000000001,0.0,0.0
178.340301,-11374,11759,0,0,11.850000000000001,0.0,0.0
178.421465,-11374,11759,0,0,11.850000000000001,0.0,0.0
178.499489,-11374,11759,0,0,11.850000000000001,0.0,0.0
178.578865,-11374,11759,0,0,11.850000000000001,0.0,0.0
178.65730800000003,-11374,11759,0,0,11.850000000000001,0.0,0.0
178.729317,-11374,11759,0,0,11.850000000000001,0.0,0.0
178.79694,-11374,11759,0,0,11.850000000000001,0.0,0.0
178.875204,-11374,11759,0,0,11.850000000000001,0.0,0.0
178.946516,-11374,11759,0,0,11.850000000000001,0.0,0.0
179.030393,-11374,11759,0,0,11.850000000000001,0.0,0.0
179.118424,-11374,11759,0,0,11.850000000000001,0.0,0.0
179.206353,-11375,11760,0,1,10.350000000000001,0.0,0.0
179.29022,-11373,11758,2,-2,10.350000000000001,0.0,0.0
179.380301,-11375,11760,-2,2,10.4,0.0,0.0
179.47409600000003,-11374,11760,1,0,10.45,0.0,0.0
179.573464,-11374,11759,0,-1,10.45,0.0,0.0
179.660039,-11374,11759,0,0,10.350000000000001,0.0,0.0
179.75167800000003,-11374,11760,0,1,10.350000000000001,0.0,0.0
179.843543,-11374,11759,0,-1,10.45,0.0,0.0
179.93617500000002,-11374,11759,0,0,10.45,0.0,0.0
180.029769,-11374,11759,0,0,10.4,0.0,0.0
180.11508500000002,-11374,11759,0,0,10.350000000000001,0.0,0.0
180.20051700000002,-11374,11759,0,0,10.350000000000001,0.0,0.0
180.297244,-11374,11759,0,0,10.350000000000001,0.0,0.0
180.391204,-11374,11759,0,0,10.350000000000001,0.0,0.0
180.482214,-11374,11759,0,0,10.3,0.0,0.0
180.564447,-11374,11759,0,0,10.3,0.0,0.0
180.65628900000002,-11374,11759,0,0,10.15,0.0,0.0
180.739486,-11374,11759,0,0,10.15,0.0,0.0
180.826244,-11374,11758,0,-1,10.3,0.0,0.0
180.92245300000002,-11374,11760,0,2,10.0,0.0,0.0
181.016992,-11374,11759,0,-1,10.0,0.0,0.0
181.10777900000002,-11374,11759,1,-1,10.0,0.0,0.0
181.19822,-11374,11760,0,1,10.0,0.0,0.0
181.287777,-11374,11760,0,0,9.95,0.0,0.0
181.38423500000002,-11374,11760,0,0,9.95,0.0,0.0
181.468532,-11374,11760,0,0,9.8,0.0,0.0
181.55652500000002,-11374,11759,0,-1,9.9,0.0,0.0
181.64527500000003,-11374,11759,0,0,9.9,0.0,0.0
181.737918,-11374,11759,0,0,9.850000000000001,0.0,0.0
181.816325,-11374,11759,0,0,9.850000000000001,0.0,0.0
181.90664500000003,-11374,11759,0,0,9.65,0.0,0.0
182.00142000000002,-11374,11759,0,0,9.65,0.0,0.0
182.08917300000002,-11374,11759,0,0,9.8,0.0,0.0
182.18280800000002,-11374,11759,0,0,9.8,0.0,0.0
182.271374,-11374,11759,0,0,9.65,0.0,0.0
182.35905000000002,-11374,11759,0,0,9.600000000000001,0.0,0.0
182.461664,-11374,11759,0,0,9.600000000000001,0.0,0.0
182.561757,-11374,11757,0,-2,7.95,0.0,0.0
182.661383,-11376,11762,-2,5,7.95,0.0,0.0
182.75436100000002,-11374,11757,2,-5,11.4,0.0,0.0
182.857906,-11375,11759,-1,2,11.65,0.0,0.0
182.95315800000003,-11374,11758,1,-1,11.65,0.0,0.0
183.03795700000003,-11374,11758,0,0,11.7,0.0,0.0
183.123304,-11374,11758,1,-1,11.7,0.0,0.0
183.214885,-11374,11758,0,0,11.7,0.0,0.0
183.302939,-11375,11759,-1,1,11.7,0.0,0.0
183.395657,-11374,11759,1,0,11.7,0.0,0.0
183.482435,-11374,11759,0,1,11.75,0.0,0.0
183.575048,-11374,11760,0,1,11.75,0.0,0.0
183.67560500000002,-11374,11759,0,-1,11.75,0.0,0.0
183.75873400000003,-11374,11759,0,0,11.75,0.0,0.0
183.84313100000003,-11374,11759,0,-1,11.75,0.0,0.0
183.925252,-11374,11759,0,0,11.75,0.0,0.0
184.00854500000003,-11374,11759,0,0,11.75,0.0,0.0
184.087684,-11374,11759,0,0,11.75,0.0,0.0
184.165318,-11374,11759,0,0,11.75,0.0,0.0
184.25558800000002,-11374,11759,0,0,11.75,0.0,0.0
184.33635100000004,-11374,11759,0,0,11.75,0.0,0.0
184.41289600000002,-11374,11759,0,0,11.75,0.0,0.0
184.49233,-11374,11759,0,0,11.75,0.0,0.0
184.569757,-11374,11759,0,0,11.75,0.0,0.0
184.65663800000002,-11374,11759,0,0,11.75,0.0,0.0
184.741701,-11374,11759,0,0,11.75,0.0,0.0
184.819277,-11374,11759,0,0,11.45,0.0,0.0
184.911391,-11374,11757,0,-2,11.45,0.0,0.0
184.999117,-11374,11760,0,3,11.600000000000001,0.0,0.0
185.079485,-11374,11760,0,2,11.7,0.0,0.0
185.16907400000002,-11374,11758,1,-3,11.7,0.0,0.0
185.26144900000003,-11374,11758,0,0,11.7,0.0,0.0
185.355448,-11374,11759,0,1,11.7,0.0,0.0
185.44769600000004,-11374,11758,0,-1,11.7,0.0,0.0
185.52641900000003,-11374,11759,0,1,11.7,0.0,0.0
185.617211,-11374,11759,0,0,11.7,0.0,0.0
185.704857,-11374,11760,0,1,11.7,0.0,0.0
185.79067,-11374,11759,0,-1,11.75,0.0,0.0
185.878681,-11374,11759,0,0,11.7,0.0,0.0
185.960352,-11375,11760,-1,2,11.7,0.0,0.0
186.04469500000002,-11374,11759,0,-1,11.75,0.0,0.0
186.131282,-11374,11759,0,0,11.75,0.0,0.0
186.216114,-11374,11760,0,1,11.75,0.0,0.0
186.29956900000002,-11374,11760,0,1,11.75,0.0,0.0
186.38322200000002,-11374,11760,0,0,11.75,0.0,0.0
186.46448200000003,-11374,11758,0,-2,11.75,0.0,0.0
186.552646,-11376,11760,-2,2,11.65,0.0,0.0
186.632391,-11378,11760,-4,0,11.65,0.0,0.0
186.70779400000004,-11375,11759,3,-3,11.65,0.0,0.0
186.79605800000002,-11374,11759,1,0,11.65,0.0,0.0
186.883834,-11374,11759,0,0,11.600000000000001,0.0,0.0
186.955295,-11374,11759,0,0,11.600000000000001,0.0,0.0
187.03235400000003,-11375,11760,-1,1,11.600000000000001,0.0,0.0
187.122046,-11375,11760,0,0,11.600000000000001,0.0,0.0
187.213401,-11374,11759,1,-1,11.600000000000001,0.0,0.0
187.302078,-11374,11759,0,0,11.600000000000001,0.0,0.0
187.388367,-11374,11760,0,1,11.600000000000001,0.0,0.0
187.476099,-11374,11760,0,0,11.600000000000001,0.0,0.0
187.55804200000003,-11374,11759,1,-1,11.600000000000001,0.0,0.0
187.648863,-11374,11760,0,0,11.600000000000001,0.0,0.0
187.73875900000002,-11374,11760,0,0,11.600000000000001,0.0,0.0
187.82620200000002,-11375,11760,-1,0,11.75,0.0,0.0
187.91588400000003,-11374,11756,1,-4,11.75,0.0,0.0
188.00630900000002,-11378,11760,-4,4,11.850000000000001,0.0,0.0
188.08398400000002,-11379,11762,-3,3,11.850000000000001,0.0,0.0
188.170986,-11375,11759,4,-4,11.8,0.0,0.0
188.245397,-11374,11758,2,-2,11.8,0.0,0.0
188.34019,-11375,11759,-1,1,11.8,0.0,0.0
188.42519700000003,-11376,11760,-2,2,11.8,0.0,0.0
188.502758,-11375,11759,1,-1,11.8,0.0,0.0
188.576279,-11375,11759,1,-1,11.8,0.0,0.0
188.65810100000002,-11374,11759,1,0,11.8,0.0,0.0
188.740258,-11375,11759,-1,0,11.8,0.0,0.0
188.82968000000002,-11375,11759,0,0,11.850000000000001,0.0,0.0
188.897083,-11375,11759,0,0,11.850000000000001,0.0,0.0
188.97055500000002,-11375,11759,0,0,11.8,0.0,0.0
189.05096000000003,-11375,11759,0,0,11.8,0.0,0.0
189.126418,-11375,11759,0,0,11.8,0.0,0.0
189.194353,-11375,11759,0,0,11.8,0.0,0.0
189.27021900000003,-11375,11759,0,0,11.8,0.0,0.0
189.351561,-11375,11759,0,0,11.8,0.0,0.0
189.43198,-11375,11759,0,0,11.8,0.0,0.0
189.507242,-11375,11759,0,0,11.8,0.0,0.0
189.60564300000001,-11375,11759,0,0,11.850000000000001,0.0,0.0
189.694602,-11375,11759,0,0,11.850000000000001,0.0,0.0
189.779584,-11375,11759,0,0,11.8,0.0,0.0
189.86377500000003,-11375,11759,0,0,11.8,0.0,0.0
189.950049,-11375,11759,0,0,11.8,0.0,0.0
190.05103400000002,-11375,11759,0,0,11.850000000000001,0.0,0.0
190.132799,-11375,11759,0,0,11.850000000000001,0.0,0.0
190.22692500000002,-11375,11759,0,0,11.8,0.0,0.0
190.312242,-11375,11759,0,0,11.8,0.0,0.0
190.40914,-11375,11759,0,0,11.850000000000001,0.0,0.0
190.49626400000002,-11375,11759,0,0,11.850000000000001,0.0,0.0
190.57833000000002,-11375,11759,0,0,11.850000000000001,0.0,0.0
190.67221500000002,-11375,11759,0,0,11.850000000000001,0.0,0.0
190.76434700000001,-11375,11759,0,0,11.850000000000001,0.0,0.0
190.843902,-11375,11759,0,0,11.850000000000001,0.0,0.0
190.927251,-11375,11759,0,0,11.850000000000001,0.0,0.0
191.006396,-11375,11759,0,0,11.850000000000001,0.0,0.0
191.086502,-11375,11759,0,0,11.850000000000001,0.0,0.0
191.17017500000003,-11375,11759,0,0,11.850000000000001,0.0,0.0
191.24545,-11375,11759,0,0,11.850000000000001,0.0,0.0
191.32119400000002,-11375,11759,0,0,11.850000000000001,0.0,0.0
191.403266,-11375,11759,0,0,11.850000000000001,0.0,0.0
191.484432,-11375,11759,0,0,11.850000000000001,0.0,0.0
191.57204400000003,-11375,11759,0,0,11.850000000000001,0.0,0.0
191.64919400000002,-11375,11759,0,0,11.850000000000001,0.0,0.0
191.72781700000002,-11375,11759,0,0,11.850000000000001,0.0,0.0
191.804022,-11375,11759,0,0,11.850000000000001,0.0,0.0
191.880852,-11375,11759,0,0,11.850000000000001,0.0,0.0
191.985815,-11375,11759,0,0,11.850000000000001,0.0,0.0
192.066833,-11375,11759,0,0,11.850000000000001,0.0,0.0
192.148649,-11375,11759,0,0,11.850000000000001,0.0,0.0
192.230262,-11375,11759,0,0,11.850000000000001,0.0,0.0
192.318078,-11375,11759,0,0,11.850000000000001,0.0,0.0
192.400651,-11375,11759,0,0,11.850000000000001,0.0,0.0
192.47782700000002,-11375,11759,0,0,11.850000000000001,0.0,0.0
192.55852000000002,-11375,11759,0,0,11.850000000000001,0.0,0.0
192.63823400000004,-11375,11759,0,0,11.850000000000001,0.0,0.0
192.716741,-11375,11759,0,0,11.850000000000001,0.0,0.0
192.794185,-11375,11759,0,0,11.850000000000001,0.0,0.0
192.870021,-11375,11759,0,0,11.850000000000001,0.0,0.0
192.94197,-11375,11759,0,0,11.850000000000001,0.0,0.0
193.02115700000002,-11375,11759,0,0,11.850000000000001,0.0,0.0
193.09708600000002,-11375,11759,0,0,11.850000000000001,0.0,0.0
193.17195700000002,-11375,11759,0,0,11.850000000000001,0.0,0.0
193.245244,-11375,11759,0,0,11.850000000000001,0.0,0.0
193.33397100000002,-11375,11759,0,0,11.850000000000001,0.0,0.0
193.42461300000002,-11375,11759,0,0,11.65,0.0,0.0
193.518712,-11375,11760,0,1,11.65,0.0,0.0
193.612257,-11374,11756,2,-4,11.8,0.0,0.0
193.700058,-11382,11764,-8,8,11.8,0.0,0.0
193.780375,-11386,11768,-7,7,11.8,0.0,0.0
193.865149,-11376,11759,12,-11,11.8,0.0,0.0
193.944511,-11374,11756,4,-6,11.8,0.0,0.0
194.037779,-11375,11760,-1,4,11.65,0.0,0.0
194.122796,-11374,11758,1,-4,11.65,0.0,0.0
194.21603100000002,-11376,11759,-2,1,11.8,0.0,0.0
194.309236,-11388,11768,-14,9,11.8,0.0,0.0
194.39748600000001,-11374,11756,14,-14,11.850000000000001,0.0,0.0
194.47721800000002,-11374,11756,1,-2,11.850000000000001,0.0,0.0
194.57137300000002,-11380,11763,-6,7,11.850000000000001,0.0,0.0
194.65817700000002,-11374,11757,6,-7,11.850000000000001,0.0,0.0
194.745079,-11375,11758,-1,0,11.8,0.0,0.0
194.82624,-11378,11762,-4,5,11.8,0.0,0.0
194.90662400000002,-11375,11760,3,-1,11.8,0.0,0.0
194.988837,-11374,11759,2,-2,11.8,0.0,0.0
195.07415600000002,-11375,11759,-1,0,11.850000000000001,0.0,0.0
195.160354,-11375,11760,0,1,11.850000000000001,0.0,0.0
195.248706,-11375,11760,0,1,11.850000000000001,0.0,0.0
195.322966,-11375,11760,1,0,11.850000000000001,0.0,0.0
195.41544100000002,-11375,11760,0,0,11.850000000000001,0.0,0.0
195.497022,-11375,11760,0,0,11.850000000000001,0.0,0.0
195.581024,-11375,11760,0,0,11.850000000000001,0.0,0.0
195.663117,-11375,11760,0,0,11.850000000000001,0.0,0.0
195.741857,-11375,11760,0,0,11.850000000000001,0.0,0.0
195.816742,-11375,11760,0,0,11.850000000000001,0.0,0.0
195.88892,-11375,11760,0,0,11.850000000000001,0.0,0.0
195.95380000000003,-11375,11760,0,0,11.850000000000001,0.0,0.0
196.036149,-11375,11760,0,0,11.850000000000001,0.0,0.0
196.111861,-11375,11760,0,0,11.850000000000001,0.0,0.0
196.190974,-11375,11760,0,0,11.850000000000001,0.0,0.0
196.26267800000002,-11375,11760,0,0,11.850000000000001,0.0,0.0
196.34679400000002,-11375,11760,0,0,11.850000000000001,0.0,0.0
196.42962300000002,-11375,11760,0,0,11.850000000000001,0.0,0.0
196.510978,-11375,11760,0,0,11.850000000000001,0.0,0.0
196.599505,-11375,11760,0,0,11.850000000000001,0.0,0.0
196.684046,-11375,11760,0,0,11.850000000000001,0.0,0.0
196.780686,-11375,11760,0,0,11.850000000000001,0.0,0.0
196.871127,-11375,11760,0,0,11.850000000000001,0.0,0.0
196.959046,-11375,11760,0,0,11.850000000000001,0.0,0.0
197.03842500000002,-11375,11760,0,0,11.850000000000001,0.0,0.0
197.120629,-11375,11760,0,0,11.850000000000001,0.0,0.0
197.204102,-11375,11760,0,0,11.850000000000001,0.0,0.0
197.280736,-11375,11760,0,0,11.850000000000001,0.0,0.0
197.37266400000001,-11375,11760,0,0,11.850000000000001,0.0,0.0
197.45254400000002,-11375,11760,0,0,11.850000000000001,0.0,0.0
197.53968600000002,-11375,11760,0,0,11.850000000000001,0.0,0.0
197.630649,-11375,11760,0,0,11.850000000000001,0.0,0.0
197.718591,-11375,11760,0,0,11.850000000000001,0.0,0.0
197.814285,-11375,11760,0,0,11.850000000000001,0.0,0.0
197.88973400000003,-11375,11760,0,0,11.850000000000001,0.0,0.0
197.97728400000003,-11375,11760,0,0,11.850000000000001,0.0,0.0
198.063701,-11375,11760,0,0,11.850000000000001,0.0,0.0
198.138371,-11375,11760,0,0,11.850000000000001,0.0,0.0
198.212577,-11375,11760,0,0,11.850000000000001,0.0,0.0
198.29393900000002,-11375,11760,0,0,11.850000000000001,0.0,0.0
198.375559,-11375,11760,0,0,11.850000000000001,0.0,0.0
198.453418,-11375,11760,0,0,11.850000000000001,0.0,0.0
198.54788100000002,-11375,11760,0,0,11.850000000000001,0.0,0.0
198.615961,-11375,11760,0,0,11.850000000000001,0.0,0.0
198.70648,-11375,11760,0,0,11.850000000000001,0.0,0.0
198.78600500000002,-11375,11760,0,0,11.850000000000001,0.0,0.0
198.86658200000002,-11375,11760,0,0,11.850000000000001,0.0,0.0
198.94811900000002,-11375,11760,0,0,11.850000000000001,0.0,0.0
199.02856400000002,-11375,11760,0,0,11.850000000000001,0.0,0.0
199.103248,-11375,11760,0,0,11.850000000000001,0.0,0.0
199.185654,-11375,11760,0,0,11.850000000000001,0.0,0.0
199.26603100000003,-11375,11760,0,0,11.850000000000001,0.0,0.0
199.339043,-11375,11760,0,0,11.850000000000001,0.0,0.0
199.413528,-11375,11760,0,0,11.850000000000001,0.0,0.0
199.495582,-11375,11760,0,0,11.850000000000001,0.0,0.0
199.57352300000002,-11375,11760,0,0,11.850000000000001,0.0,0.0
199.656603,-11375,11760,0,0,11.850000000000001,0.0,0.0
199.73030000000003,-11375,11760,0,0,11.850000000000001,0.0,0.0
199.811102,-11375,11760,0,0,11.850000000000001,0.0,0.0
199.883406,-11375,11760,0,0,11.850000000000001,0.0,0.0
199.96474,-11375,11760,0,0,11.850000000000001,0.0,0.0
200.044653,-11375,11760,0,0,11.850000000000001,0.0,0.0
200.121415,-11375,11760,0,0,11.850000000000001,0.0,0.0
200.20513,-11375,11760,0,0,11.850000000000001,0.0,0.0
200.28078600000003,-11375,11760,0,0,11.850000000000001,0.0,0.0
200.35998,-11375,11760,0,0,11.850000000000001,0.0,0.0
200.437822,-11375,11760,0,0,11.850000000000001,0.0,0.0
200.51738100000003,-11375,11760,0,0,11.850000000000001,0.0,0.0
200.600676,-11375,11760,0,0,11.850000000000001,0.0,0.0
200.683701,-11375,11760,0,0,11.850000000000001,0.0,0.0
200.76913900000002,-11375,11760,0,0,11.850000000000001,0.0,0.0
200.85296300000002,-11375,11760,0,0,11.850000000000001,0.0,0.0
200.91659300000003,-11375,11760,0,0,11.850000000000001,0.0,0.0
200.998094,-11375,11760,0,0,11.850000000000001,0.0,0.0
201.078751,-11375,11760,0,0,11.850000000000001,0.0,0.0
201.15426700000003,-11375,11760,0,0,11.850000000000001,0.0,0.0
201.22992200000002,-11375,11760,0,0,11.850000000000001,0.0,0.0
201.30729,-11375,11760,0,0,11.850000000000001,0.0,0.0
201.382195,-11375,11760,0,0,11.850000000000001,0.0,0.0
201.469051,-11375,11760,0,0,11.850000000000001,0.0,0.0
201.55524800000003,-11375,11760,0,0,11.850000000000001,0.0,0.0
201.63259200000002,-11375,11760,0,0,11.850000000000001,0.0,0.0
201.712036,-11375,11760,0,0,11.850000000000001,0.0,0.0
201.799103,-11375,11760,0,0,11.850000000000001,0.0,0.0
201.876769,-11375,11760,0,0,11.850000000000001,0.0,0.0
201.95176500000002,-11375,11760,0,0,11.850000000000001,0.0,0.0
202.025,-11375,11760,0,0,11.850000000000001,0.0,0.0
202.107638,-11375,11760,0,0,11.850000000000001,0.0,0.0
202.175366,-11375,11760,0,0,11.850000000000001,0.0,0.0
202.24963100000002,-11375,11760,0,0,11.850000000000001,0.0,0.0
202.323527,-11375,11760,0,0,11.850000000000001,0.0,0.0
202.410423,-11375,11760,0,0,11.850000000000001,0.0,0.0
202.49249700000001,-11375,11760,0,0,11.850000000000001,0.0,0.0
202.58447700000002,-11375,11760,0,0,11.850000000000001,0.0,0.0
202.66825400000002,-11375,11760,0,0,11.850000000000001,0.0,0.0
202.74556,-11375,11760,0,0,11.850000000000001,0.0,0.0
202.822554,-11375,11760,0,0,11.850000000000001,0.0,0.0
202.899698,-11375,11760,0,0,11.850000000000001,0.0,0.0
202.973429,-11375,11760,0,0,11.850000000000001,0.0,0.0
203.047794,-11375,11760,0,0,11.850000000000001,0.0,0.0
203.12518300000002,-11375,11760,0,0,11.850000000000001,0.0,0.0
203.20190000000002,-11375,11760,0,0,11.850000000000001,0.0,0.0
203.281222,-11375,11760,0,0,11.850000000000001,0.0,0.0
203.364854,-11375,11760,0,0,11.850000000000001,0.0,0.0
203.44455800000003,-11375,11760,0,0,11.850000000000001,0.0,0.0
203.52484300000003,-11375,11760,0,0,11.850000000000001,0.0,0.0
203.602981,-11375,11760,0,0,11.850000000000001,0.0,0.0
203.691611,-11375,11760,0,0,11.850000000000001,0.0,0.0
203.77419,-11375,11760,0,0,11.850000000000001,0.0,0.0
203.86990600000001,-11375,11760,0,0,11.850000000000001,0.0,0.0
203.95674100000002,-11375,11760,0,0,11.850000000000001,0.0,0.0
204.046356,-11375,11760,0,0,11.850000000000001,0.0,0.0
204.13450100000003,-11375,11760,0,0,11.55,0.0,0.0
204.229459,-11376,11761,-1,1,11.55,0.0,0.0
204.329922,-11374,11758,2,-2,10.2,0.0,0.0
204.43150500000002,-11376,11760,-2,1,10.4,0.0,0.0
204.534806,-11375,11760,1,0,10.4,0.0,0.0
204.628024,-11375,11760,0,0,10.45,0.0,0.0
204.7215,-11375,11760,0,0,10.45,0.0,0.0
204.811201,-11375,11760,0,0,10.4,0.0,0.0
204.89717800000003,-11375,11760,0,0,10.4,0.0,0.0
204.99635,-11375,11760,0,0,10.350000000000001,0.0,0.0
205.07891100000003,-11375,11760,0,0,10.350000000000001,0.0,0.0
205.164097,-11375,11760,0,0,10.350000000000001,0.0,0.0
205.239019,-11375,11760,0,0,10.3,0.0,0.0
205.321954,-11375,11760,0,0,10.3,0.0,0.0
205.39818800000003,-11375,11760,0,0,10.25,0.0,0.0
205.483754,-11374,11760,1,0,10.25,0.0,0.0
205.580801,-11375,11760,-1,0,10.3,0.0,0.0
205.675049,-11375,11760,0,0,10.3,0.0,0.0
205.775641,-11375,11760,0,0,10.2,0.0,0.0
205.864065,-11374,11758,1,-2,10.2,0.0,0.0
205.955664,-11376,11760,-2,2,9.65,0.0,0.0
206.05803,-11376,11759,0,-1,9.95,0.0,0.0
206.14787300000003,-11374,11759,1,0,9.95,0.0,0.0
206.223599,-11375,11759,-1,0,9.7,0.0,0.0
206.31390800000003,-11374,11759,1,0,9.7,0.0,0.0
206.41626000000002,-11374,11759,0,0,9.95,0.0,0.0
206.505053,-11374,11759,0,0,9.95,0.0,0.0
206.59908800000002,-11374,11759,0,0,9.850000000000001,0.0,0.0
206.683378,-11375,11759,0,0,9.7,0.0,0.0
206.76785800000002,-11375,11759,0,0,9.7,0.0,0.0
206.848298,-11375,11759,0,0,9.75,0.0,0.0
206.93641,-11375,11759,0,0,9.75,0.0,0.0
207.028954,-11375,11759,0,0,9.75,0.0,0.0
207.114909,-11374,11759,1,0,9.75,0.0,0.0
207.195032,-11374,11759,0,0,9.7,0.0,0.0
207.285481,-11375,11759,0,-1,9.7,0.0,0.0
207.375614,-11375,11760,0,1,9.75,0.0,0.0
207.45094100000003,-11375,11759,0,-1,9.75,0.0,0.0
207.550026,-11374,11759,1,0,9.5,0.0,0.0
207.62670300000002,-11374,11758,0,-1,9.5,0.0,0.0
207.72172700000002,-11375,11758,-1,0,11.15,0.0,0.0
207.818255,-11376,11761,-1,3,11.600000000000001,0.0,0.0
207.90338900000003,-11374,11757,3,-5,11.600000000000001,0.0,0.0
207.98925400000002,-11375,11759,-1,2,11.65,0.0,0.0
208.078086,-11376,11759,-1,0,11.65,0.0,0.0
208.15665,-11374,11758,1,0,11.7,0.0,0.0
208.233546,-11375,11759,0,1,11.7,0.0,0.0
208.315917,-11374,11758,1,0,11.7,0.0,0.0
208.39414000000002,-11376,11759,-2,0,11.7,0.0,0.0
208.48199000000002,-11374,11758,2,-1,11.7,0.0,0.0
208.562958,-11375,11760,-1,2,11.7,0.0,0.0
208.65169500000002,-11375,11759,0,-1,11.7,0.0,0.0
208.74053,-11374,11759,1,0,11.7,0.0,0.0
208.819603,-11375,11759,0,-1,11.75,0.0,0.0
208.897399,-11374,11759,1,0,11.75,0.0,0.0
208.97405200000003,-11375,11759,-1,0,11.75,0.0,0.0
209.053079,-11375,11759,0,0,11.75,0.0,0.0
209.128901,-11375,11759,0,0,11.75,0.0,0.0
209.20423200000002,-11375,11759,0,0,11.75,0.0,0.0
209.27632,-11375,11759,0,0,11.75,0.0,0.0
209.35549000000003,-11375,11759,0,0,11.75,0.0,0.0
209.430788,-11375,11759,0,0,11.75,0.0,0.0
209.510151,-11375,11759,0,0,11.75,0.0,0.0
209.586943,-11375,11759,0,0,11.75,0.0,0.0
209.666709,-11375,11759,0,0,11.75,0.0,0.0
209.74436200000002,-11375,11759,0,0,11.75,0.0,0.0
209.827752,-11375,11759,0,0,11.75,0.0,0.0
209.911926,-11375,11759,0,0,11.75,0.0,0.0
209.98820200000003,-11375,11759,0,0,11.75,0.0,0.0
210.05949800000002,-11375,11759,0,0,11.75,0.0,0.0
210.136652,-11375,11759,0,0,11.75,0.0,0.0
210.205668,-11375,11759,0,0,11.75,0.0,0.0
210.28356200000002,-11375,11759,0,0,11.75,0.0,0.0
210.354577,-11375,11759,0,0,11.75,0.0,0.0
210.43581400000002,-11375,11759,0,0,11.75,0.0,0.0
210.515556,-11375,11759,0,0,11.75,0.0,0.0
210.599954,-11375,11759,0,0,11.75,0.0,0.0
210.675155,-11375,11759,0,0,11.75,0.0,0.0
210.763693,-11375,11759,0,0,11.75,0.0,0.0
210.85378100000003,-11375,11759,0,0,11.75,0.0,0.0
210.94312200000002,-11375,11759,0,0,11.75,0.0,0.0
211.03156700000002,-11374,11758,1,-1,11.45,0.0,0.0
211.129959,-11374,11756,0,-2,11.45,0.0,0.0
211.24013300000001,-11376,11761,-2,5,11.7,0.0,0.0
211.347263,-11375,11758,1,-3,11.7,0.0,0.0
211.43449800000002,-11375,11759,0,1,11.7,0.0,0.0
211.52523700000003,-11375,11759,0,1,11.7,0.0,0.0
211.61411900000002,-11374,11758,1,-1,11.7,0.0,0.0
211.695942,-11375,11760,-1,2,11.75,0.0,0.0
211.779663,-11375,11759,0,-1,11.75,0.0,0.0
211.869776,-11374,11759,1,-1,11.75,0.0,0.0
211.951867,-11374,11760,0,1,11.75,0.0,0.0
212.04689800000003,-11375,11760,-1,0,11.75,0.0,0.0
212.14088400000003,-11375,11759,0,-1,11.7,0.0,0.0
212.2335,-11375,11759,0,0,11.7,0.0,0.0
212.31540800000002,-11375,11759,0,0,11.75,0.0,0.0
212.393877,-11375,11760,0,1,11.75,0.0,0.0
212.48485100000002,-11374,11759,1,0,11.75,0.0,0.0
212.56769400000002,-11375,11760,0,1,11.75,0.0,0.0
212.659926,-11374,11758,1,-2,11.65,0.0,0.0
212.75117600000002,-11378,11761,-4,3,11.65,0.0,0.0
212.846662,-11375,11759,3,-2,11.65,0.0,0.0
212.93150500000002,-11375,11760,1,1,11.600000000000001,0.0,0.0
213.012436,-11375,11759,0,-1,11.600000000000001,0.0,0.0
213.09922,-11375,11759,0,0,11.600000000000001,0.0,0.0
213.18075100000001,-11376,11760,-1,1,11.600000000000001,0.0,0.0
213.262164,-11375,11760,0,0,11.600000000000001,0.0,0.0
213.348045,-11375,11759,1,-1,11.600000000000001,0.0,0.0
213.434165,-11375,11759,0,0,11.600000000000001,0.0,0.0
213.508739,-11375,11760,0,1,11.600000000000001,0.0,0.0
213.594383,-11375,11760,0,0,11.600000000000001,0.0,0.0
213.675969,-11375,11760,0,0,11.600000000000001,0.0,0.0
213.759217,-11375,11760,0,0,11.600000000000001,0.0,0.0
213.854367,-11375,11760,0,0,11.600000000000001,0.0,0.0
213.939222,-11375,11761,0,1,11.75,0.0,0.0
214.03091,-11374,11756,2,-5,11.75,0.0,0.0
214.11370300000002,-11378,11762,-5,6,11.8,0.0,0.0
214.18956300000002,-11380,11763,-4,4,11.8,0.0,0.0
214.276359,-11376,11759,4,-4,11.8,0.0,0.0
214.357176,-11374,11757,3,-3,11.8,0.0,0.0
214.437746,-11375,11758,-1,0,11.8,0.0,0.0
214.52393300000003,-11376,11760,-2,3,11.8,0.0,0.0
214.61107800000002,-11376,11760,0,0,11.8,0.0,0.0
214.69881400000003,-11376,11760,0,0,11.8,0.0,0.0
214.775978,-11375,11759,1,-1,11.8,0.0,0.0
214.859102,-11376,11759,-1,0,11.8,0.0,0.0
